업체명,경도,위도,숙박유형,숙박점수
베스티호텔,128.8539747,35.12819599,호텔/리조트,28.03
대저캠핑장,128.9910806,35.21594699,캠핑/카라반/글램핑,7.98
공항하숙,128.9557911,35.18070548,펜션/민박/유스호스텔,8.51
에어포트호텔,128.9545073,35.16569198,호텔/리조트,28.03
초롱블루펜션,128.8344939,35.0153664,펜션/민박/유스호스텔,8.51
대항체험마을민박,128.8276588,35.01166947,펜션/민박/유스호스텔,8.51
섬마을장어구이펜션,128.8275994,35.01415788,펜션/민박/유스호스텔,8.51
대항펜션,128.8274268,35.01373969,펜션/민박/유스호스텔,8.51
대항민박,128.827622,35.01312713,펜션/민박/유스호스텔,8.51
W모텔,128.9289018,35.10080432,펜션/민박/유스호스텔,8.51
비엠텔모텔,128.9280046,35.0989412,펜션/민박/유스호스텔,8.51
마틴호텔,128.9285519,35.10112933,호텔/리조트,28.03
JK호텔,128.9285144,35.10020443,호텔/리조트,28.03
모텔 제타,128.9294126,35.10393706,펜션/민박/유스호스텔,8.51
모텔 마르,128.9294125,35.10393697,펜션/민박/유스호스텔,8.51
헤리티지디자인호텔,128.928637,35.10036501,호텔/리조트,28.03
디자인팝 모텔,128.9279906,35.0990703,펜션/민박/유스호스텔,8.51
씨사이드모텔,128.9277224,35.09830653,펜션/민박/유스호스텔,8.51
비엠텔모텔,128.9280048,35.0989531,펜션/민박/유스호스텔,8.51
브라운도트호텔 명지점,128.92803,35.09919408,호텔/리조트,28.03
넘버25호텔,128.9081885,35.09402639,호텔/리조트,28.03
더포인트호텔,128.908121,35.09340432,호텔/리조트,28.03
호텔오유,128.9017599,35.09218239,호텔/리조트,28.03
오이아호텔명지,128.9001002,35.093931,호텔/리조트,28.03
씨엘오션호텔,128.9020713,35.09073409,호텔/리조트,28.03
신라스테이,128.9052621,35.09670494,호텔/리조트,28.03
넘버25호텔 명지오션시티점 비즈니스,128.9029945,35.08047764,호텔/리조트,28.03
오션시티호텔,128.9029961,35.08091563,호텔/리조트,28.03
사이버모텔,128.9042159,35.08268928,펜션/민박/유스호스텔,8.51
호텔프렌치코드,128.9042136,35.08361971,호텔/리조트,28.03
레전드호텔,128.8639555,35.15964789,호텔/리조트,28.03
베스트루이스해밀턴호텔 서부산점,128.8788042,35.1468498,호텔/리조트,28.03
성고개산장,128.8530819,35.11083486,펜션/민박/유스호스텔,8.51
벨라지오모텔,128.8811579,35.086613,펜션/민박/유스호스텔,8.51
IW모텔,128.8802745,35.08660413,펜션/민박/유스호스텔,8.51
호텔더메이,128.8793305,35.08661568,호텔/리조트,28.03
2월호텔,128.8789326,35.0866038,호텔/리조트,28.03
S모텔,128.878301,35.08661107,펜션/민박/유스호스텔,8.51
블랑비즈니스호텔,128.8813332,35.0869795,호텔/리조트,28.03
까르페호텔,128.8807388,35.08661741,호텔/리조트,28.03
호텔에그,128.8786857,35.0866149,호텔/리조트,28.03
2월호텔 강서신관,128.8810578,35.08700356,호텔/리조트,28.03
브라운도트호텔,128.8707373,35.08331539,호텔/리조트,28.03
더브레인호텔,128.8722958,35.08173773,호텔/리조트,28.03
호텔더원,128.8709693,35.08289233,호텔/리조트,28.03
V호텔,128.8807192,35.08639646,호텔/리조트,28.03
비지니스호텔,128.8811301,35.08639259,호텔/리조트,28.03
펀모텔,128.8801047,35.08638903,펜션/민박/유스호스텔,8.51
이그니스호텔,128.8793003,35.08637727,호텔/리조트,28.03
굿프라임호텔,128.8309512,35.14997988,호텔/리조트,28.03
헤르몬호텔,128.8322324,35.15009789,호텔/리조트,28.03
우진펜션,128.8123775,35.0315126,펜션/민박/유스호스텔,8.51
가덕부들펜션,128.8247616,35.03166293,펜션/민박/유스호스텔,8.51
로뎀펜션,128.8241144,35.03174159,펜션/민박/유스호스텔,8.51
꿈에그린펜션,128.8242522,35.0320609,펜션/민박/유스호스텔,8.51
가덕도펜션민박,128.8176455,35.02841583,펜션/민박/유스호스텔,8.51
초록펜션,128.8168296,35.02659721,펜션/민박/유스호스텔,8.51
노을빛펜션,128.8186208,35.02731297,펜션/민박/유스호스텔,8.51
은행나무펜션,128.8167941,35.02668722,펜션/민박/유스호스텔,8.51
가덕도힐링민박펜션,128.8162801,35.02727428,펜션/민박/유스호스텔,8.51
펜션GALLERY가덕,128.8225881,35.03410714,펜션/민박/유스호스텔,8.51
백수장,129.0875086,35.24362832,펜션/민박/유스호스텔,8.51
호텔G&G,129.0919301,35.24486672,호텔/리조트,28.03
카카오호텔,129.0914817,35.24438044,호텔/리조트,28.03
호텔캔들,129.0904558,35.2449448,호텔/리조트,28.03
제니스호텔,129.0907235,35.2449823,호텔/리조트,28.03
제니스호텔,129.0907183,35.24497552,호텔/리조트,28.03
쇼모텔,129.0917448,35.24602969,펜션/민박/유스호스텔,8.51
호텔야자,129.0916896,35.24743924,호텔/리조트,28.03
브라운도트 호텔 구서역점,129.0918741,35.24796884,호텔/리조트,28.03
티에스호텔,129.0909085,35.25682316,호텔/리조트,28.03
호텔프렌치코드,129.0922909,35.24489876,호텔/리조트,28.03
호텔시카고,129.0908739,35.25719867,호텔/리조트,28.03
목화장여관,129.0906196,35.25772178,펜션/민박/유스호스텔,8.51
드림모텔,129.1125727,35.22077248,펜션/민박/유스호스텔,8.51
천우장,129.1116956,35.21982244,펜션/민박/유스호스텔,8.51
V1모텔,129.1106617,35.21633713,펜션/민박/유스호스텔,8.51
V1모텔,129.1106485,35.21632982,펜션/민박/유스호스텔,8.51
새동진장여관,129.1094521,35.21398014,펜션/민박/유스호스텔,8.51
새동진장여관,129.1094485,35.21396062,펜션/민박/유스호스텔,8.51
이데아호텔,129.0912549,35.2250157,호텔/리조트,28.03
라찌모텔,129.0911854,35.24258278,펜션/민박/유스호스텔,8.51
이화모텔,129.1087541,35.21541627,펜션/민박/유스호스텔,8.51
젠모텔,129.1065015,35.21513983,펜션/민박/유스호스텔,8.51
부림모텔,129.1075125,35.21442326,펜션/민박/유스호스텔,8.51
헤이브호텔,129.1080432,35.21481219,호텔/리조트,28.03
호텔 블랑,129.107687,35.21500571,호텔/리조트,28.03
넘버25호텔,129.10752,35.21482716,호텔/리조트,28.03
베니스모텔,129.105935,35.21391911,펜션/민박/유스호스텔,8.51
쉐르빌모텔,129.1061925,35.21376459,펜션/민박/유스호스텔,8.51
진영모텔,129.1060647,35.2140373,펜션/민박/유스호스텔,8.51
아마존모텔,129.1068925,35.21331442,펜션/민박/유스호스텔,8.51
그랜드모텔,129.1070393,35.21380844,펜션/민박/유스호스텔,8.51
몽블랑모텔,129.1075696,35.21396675,펜션/민박/유스호스텔,8.51
마모텔,129.1071283,35.21399983,펜션/민박/유스호스텔,8.51
빙고모텔,129.1056637,35.21528673,펜션/민박/유스호스텔,8.51
목화모텔,129.0906073,35.25771326,펜션/민박/유스호스텔,8.51
동평장여관,129.0817899,35.22502779,펜션/민박/유스호스텔,8.51
새온천모텔찜질방,129.0815247,35.2240551,펜션/민박/유스호스텔,8.51
송원장,129.0814923,35.22376332,펜션/민박/유스호스텔,8.51
웁스모텔,129.0851221,35.2242952,펜션/민박/유스호스텔,8.51
올레모텔,129.0842698,35.22357183,펜션/민박/유스호스텔,8.51
로망스모텔,129.0861081,35.22272369,펜션/민박/유스호스텔,8.51
맥스모텔,129.0848461,35.22261418,펜션/민박/유스호스텔,8.51
모텔델루나,129.082447,35.22440026,펜션/민박/유스호스텔,8.51
HOTELYOUAIN,129.0843749,35.22321721,호텔/리조트,28.03
대도여관,129.0842094,35.22343918,펜션/민박/유스호스텔,8.51
아라모텔,129.0848261,35.22245892,펜션/민박/유스호스텔,8.51
만리장여관,129.0830621,35.22384332,펜션/민박/유스호스텔,8.51
청룡여관,129.0891245,35.27537144,펜션/민박/유스호스텔,8.51
유성장모텔,129.0890979,35.27569492,펜션/민박/유스호스텔,8.51
범어장,129.0918485,35.27393681,펜션/민박/유스호스텔,8.51
범어장모텔,129.0918193,35.27393827,펜션/민박/유스호스텔,8.51
에스모텔,129.0891817,35.2775317,펜션/민박/유스호스텔,8.51
니즈호텔,129.0899731,35.2744981,호텔/리조트,28.03
모닝블루펜션,129.2125121,35.18480567,펜션/민박/유스호스텔,8.51
바다애펜션,129.2133248,35.18604169,펜션/민박/유스호스텔,8.51
오시리아펜션,129.2177743,35.18812494,펜션/민박/유스호스텔,8.51
가온펜션,129.2127078,35.1844777,펜션/민박/유스호스텔,8.51
타샤모텔,129.2152805,35.23486816,펜션/민박/유스호스텔,8.51
골든베이펜션,129.2270667,35.22131533,펜션/민박/유스호스텔,8.51
고마펜션,129.2432792,35.23499608,펜션/민박/유스호스텔,8.51
본레브연화리330풀빌라앤호텔,129.2229761,35.21559526,호텔/리조트,28.03
MVG모텔,129.2220218,35.21392038,펜션/민박/유스호스텔,8.51
연화리관광호텔,129.2229761,35.21559526,호텔/리조트,28.03
호텔오즈,129.2271744,35.22075941,호텔/리조트,28.03
타이드어웨이풀빌라,129.2085278,35.18217092,펜션/민박/유스호스텔,8.51
로드엠게스트하우스펜션,129.2310754,35.22374937,펜션/민박/유스호스텔,8.51
연화펜션,129.2218632,35.21366559,펜션/민박/유스호스텔,8.51
지앤지모텔,129.222202,35.21419613,펜션/민박/유스호스텔,8.51
MVG무인텔,129.2220125,35.2139435,펜션/민박/유스호스텔,8.51
아난티 힐튼 부산,129.2280692,35.19795241,호텔/리조트,28.03
꿈의궁전모텔,129.2270277,35.22228138,펜션/민박/유스호스텔,8.51
오즈모텔,129.2271806,35.2207852,펜션/민박/유스호스텔,8.51
별이그린바다펜션,129.2110845,35.18223994,펜션/민박/유스호스텔,8.51
아난티코브,129.22865,35.19973708,호텔/리조트,28.03
숲속농원,129.1828651,35.21903124,캠핑/카라반/글램핑,7.98
기장숲속농원캠프,129.1829515,35.21882078,캠핑/카라반/글램핑,7.98
사랑애펜션,129.2416983,35.23775114,펜션/민박/유스호스텔,8.51
휴인펜션,129.2102251,35.18455021,펜션/민박/유스호스텔,8.51
더하루펜션,129.2104981,35.18525193,펜션/민박/유스호스텔,8.51
마루하우스펜션,129.2108578,35.18618548,펜션/민박/유스호스텔,8.51
아라하우스펜션,129.2095241,35.18397327,펜션/민박/유스호스텔,8.51
더베이펜션,129.2101493,35.18436889,펜션/민박/유스호스텔,8.51
솔레이펜션,129.2096279,35.18372558,펜션/민박/유스호스텔,8.51
브라이트펜션,129.2102984,35.1846836,펜션/민박/유스호스텔,8.51
부산라메르펜션,129.2103747,35.18491747,펜션/민박/유스호스텔,8.51
백용펜션,129.2099886,35.18474468,펜션/민박/유스호스텔,8.51
더펜션502,129.2113813,35.18814181,펜션/민박/유스호스텔,8.51
해오름펜션,129.2112324,35.18782476,펜션/민박/유스호스텔,8.51
J&J하우스,129.2113093,35.18796486,펜션/민박/유스호스텔,8.51
바우하우스펜션,129.2098608,35.18480392,펜션/민박/유스호스텔,8.51
송정로뎀나무펜션,129.2095295,35.18485999,펜션/민박/유스호스텔,8.51
메종펜션,129.209296,35.18394728,펜션/민박/유스호스텔,8.51
그루브펜션,129.208151,35.18611091,펜션/민박/유스호스텔,8.51
오시리아인펜션,129.2093698,35.18516607,펜션/민박/유스호스텔,8.51
송정 메이플하우스,129.2095472,35.18544856,펜션/민박/유스호스텔,8.51
송정드림펜션,129.2092725,35.18494196,펜션/민박/유스호스텔,8.51
팰리스모텔,129.2188739,35.23391641,펜션/민박/유스호스텔,8.51
더원모텔,129.2270725,35.22715554,펜션/민박/유스호스텔,8.51
하얀둥지펜션,129.2268482,35.2274257,펜션/민박/유스호스텔,8.51
부산 기장 휴,129.215477,35.23479568,펜션/민박/유스호스텔,8.51
시랑리129펜션,129.2249174,35.19664328,펜션/민박/유스호스텔,8.51
드림하우스펜션,129.2478811,35.24026608,펜션/민박/유스호스텔,8.51
죽성여관,129.2471192,35.24069847,펜션/민박/유스호스텔,8.51
TOC모텔,129.2082617,35.25135363,펜션/민박/유스호스텔,8.51
모텔헤이데이,129.2097105,35.24929092,펜션/민박/유스호스텔,8.51
베스트루이스해밀턴호텔 기장점,129.2096433,35.24951122,호텔/리조트,28.03
모텔헤이데이,129.2097099,35.24928498,펜션/민박/유스호스텔,8.51
베스트루이스해밀턴호텔,129.2095269,35.24946788,호텔/리조트,28.03
서랑펜션,129.2059,35.20102999,펜션/민박/유스호스텔,8.51
펜션드리머,129.2253055,35.21697178,펜션/민박/유스호스텔,8.51
엔줄리오펜션,129.2231287,35.2153393,펜션/민박/유스호스텔,8.51
기장브라운도트펜션,129.2254973,35.21792679,호텔/리조트,28.03
IW모텔,129.2273042,35.22049782,펜션/민박/유스호스텔,8.51
브라운도트호텔,129.22571,35.21789346,호텔/리조트,28.03
초콜릿모텔,129.2251298,35.21643343,펜션/민박/유스호스텔,8.51
루이스호텔,129.2157481,35.24167138,호텔/리조트,28.03
기장루이스호텔,129.215798,35.24173549,호텔/리조트,28.03
드림모텔,129.2143901,35.2530168,펜션/민박/유스호스텔,8.51
부띠끄호텔 오월로,129.2136728,35.25010344,호텔/리조트,28.03
브룩스호텔,129.2135032,35.25067491,호텔/리조트,28.03
부띠끄호텔 오월로,129.2136787,35.25010921,호텔/리조트,28.03
이데아호텔,129.2143276,35.25362273,호텔/리조트,28.03
2PM호텔,129.2137006,35.25074703,호텔/리조트,28.03
큐모텔,129.2141236,35.25059418,펜션/민박/유스호스텔,8.51
HOTEL페오,129.2139845,35.25316662,호텔/리조트,28.03
짱모텔,129.2137112,35.25112852,펜션/민박/유스호스텔,8.51
넘버25호텔,129.2142802,35.25229656,호텔/리조트,28.03
힐모텔,129.2145426,35.25295621,펜션/민박/유스호스텔,8.51
이지고글램핑,129.2020381,35.27931701,캠핑/카라반/글램핑,7.98
지오클럽캠핑장,129.2357055,35.25771827,캠핑/카라반/글램핑,7.98
민캠프힐링오토캠핑장,129.2344849,35.28975511,캠핑/카라반/글램핑,7.98
일출민박,129.2332452,35.25957291,펜션/민박/유스호스텔,8.51
속시원한대구탕,129.2332445,35.26057537,펜션/민박/유스호스텔,8.51
채움펜션,129.2584342,35.30331368,펜션/민박/유스호스텔,8.51
메모리펜션,129.2592046,35.28278644,펜션/민박/유스호스텔,8.51
비치하임펜션,129.2589104,35.30734392,펜션/민박/유스호스텔,8.51
몽블랑모텔,129.2336108,35.26447598,펜션/민박/유스호스텔,8.51
캐슬모텔,129.2337386,35.26491276,펜션/민박/유스호스텔,8.51
쉼표모텔,129.2346141,35.26474117,펜션/민박/유스호스텔,8.51
해나무민박,129.2332637,35.2626697,펜션/민박/유스호스텔,8.51
늘봄모텔,129.233977,35.26582452,펜션/민박/유스호스텔,8.51
삼성장펜션,129.2335718,35.26328944,펜션/민박/유스호스텔,8.51
제이스펜션&글램핑,129.2343007,35.27724586,펜션/민박/유스호스텔,8.51
일광하우스,129.2385515,35.26493239,펜션/민박/유스호스텔,8.51
일광펜션,129.2612869,35.31267275,펜션/민박/유스호스텔,8.51
까페카라반,129.2592798,35.30914968,캠핑/카라반/글램핑,7.98
모아펜션,129.2612205,35.31252254,펜션/민박/유스호스텔,8.51
리버사이드펜션,129.2596678,35.29293062,펜션/민박/유스호스텔,8.51
일광메모리펜션,129.2590806,35.28283169,펜션/민박/유스호스텔,8.51
드메르펜션,129.2598971,35.2923648,펜션/민박/유스호스텔,8.51
별장민박,129.2612304,35.3122733,펜션/민박/유스호스텔,8.51
알로하펜션,129.2601787,35.29389668,펜션/민박/유스호스텔,8.51
발리모텔,129.2315489,35.26206704,펜션/민박/유스호스텔,8.51
아셀펜션,129.2327962,35.26179764,펜션/민박/유스호스텔,8.51
1872팡시온펜션,129.2435827,35.25775916,펜션/민박/유스호스텔,8.51
메르쏭하우스,129.2432716,35.25807928,펜션/민박/유스호스텔,8.51
하루펜션,129.2433438,35.25859718,펜션/민박/유스호스텔,8.51
고운학리펜션,129.2431815,35.25835087,펜션/민박/유스호스텔,8.51
라고마르펜션,129.2434036,35.25891439,펜션/민박/유스호스텔,8.51
일광횡계민박,129.222095,35.27170254,펜션/민박/유스호스텔,8.51
길천여인숙,129.283682,35.32687594,펜션/민박/유스호스텔,8.51
늘봄펜션,129.2413723,35.34719821,펜션/민박/유스호스텔,8.51
만석꾼캠핑장,129.2711622,35.33110731,캠핑/카라반/글램핑,7.98
월내태양민박,129.2772528,35.32614394,펜션/민박/유스호스텔,8.51
달빛펜션,129.2632604,35.31859452,펜션/민박/유스호스텔,8.51
아름민박집,129.2631794,35.3182258,펜션/민박/유스호스텔,8.51
해변민박,129.2629941,35.31776609,펜션/민박/유스호스텔,8.51
임랑별장민박,129.2625183,35.31711904,펜션/민박/유스호스텔,8.51
선민박,129.2637955,35.31824836,펜션/민박/유스호스텔,8.51
한바다민박,129.263312,35.31789191,펜션/민박/유스호스텔,8.51
임랑펜션형브이민박,129.2658064,35.32042177,펜션/민박/유스호스텔,8.51
임랑태양민박,129.263172,35.3175556,펜션/민박/유스호스텔,8.51
동부산온천호텔,129.2531894,35.34336416,호텔/리조트,28.03
산장가든,129.246617,35.36840787,펜션/민박/유스호스텔,8.51
장안사민박형펜션,129.2536186,35.34845494,펜션/민박/유스호스텔,8.51
한옥펜션금수동,129.2532313,35.34466882,펜션/민박/유스호스텔,8.51
동부산온천호텔,129.2531717,35.34333574,호텔/리조트,28.03
루나펜션,129.250344,35.3635823,펜션/민박/유스호스텔,8.51
해파랑민박,129.2668787,35.32096957,펜션/민박/유스호스텔,8.51
보리수펜션,129.2710794,35.32512177,펜션/민박/유스호스텔,8.51
더무빙카라반캠핑,129.2700949,35.32266612,캠핑/카라반/글램핑,7.98
오투펜션,129.2679362,35.32187198,펜션/민박/유스호스텔,8.51
얀카라반펜션,129.2672237,35.32156866,펜션/민박/유스호스텔,8.51
기장문화예절학교,129.2682629,35.32554346,펜션/민박/유스호스텔,8.51
휴펜션,129.2444009,35.37055583,펜션/민박/유스호스텔,8.51
호텔다온,129.1799899,35.3212147,호텔/리조트,28.03
큐브모텔,129.179862,35.3212428,펜션/민박/유스호스텔,8.51
파크모텔,129.1803163,35.32181376,펜션/민박/유스호스텔,8.51
기장군청소년수련관,129.1997541,35.31111144,펜션/민박/유스호스텔,8.51
병산골목장캠핑,129.1877889,35.34530836,캠핑/카라반/글램핑,7.98
초원숲속글램핑,129.1877351,35.34537339,캠핑/카라반/글램핑,7.98
초원숲속야영장,129.1877069,35.34507392,캠핑/카라반/글램핑,7.98
호수글램핑,129.1851427,35.34646376,캠핑/카라반/글램핑,7.98
k2모텔,129.1821329,35.31610069,펜션/민박/유스호스텔,8.51
브라운도트호텔,129.1817517,35.31611203,호텔/리조트,28.03
호텔라움,129.1809748,35.3160994,호텔/리조트,28.03
호텔썸,129.181374,35.31610989,호텔/리조트,28.03
더원호텔,129.1842866,35.31639229,호텔/리조트,28.03
호텔여기어때,129.1827183,35.31622426,호텔/리조트,28.03
낙원농원,129.1268525,35.33627132,캠핑/카라반/글램핑,7.98
영남장여관,129.0793084,35.11849224,펜션/민박/유스호스텔,8.51
리베모텔,129.092109,35.13574794,펜션/민박/유스호스텔,8.51
브이모텔,129.0862611,35.13528827,펜션/민박/유스호스텔,8.51
호텔스미스,129.0849343,35.13521422,호텔/리조트,28.03
보스코호텔,129.0873566,35.13535219,호텔/리조트,28.03
빈센트게스트하우스,129.0919259,35.12837791,펜션/민박/유스호스텔,8.51
풍조장여관,129.0839417,35.13487097,펜션/민박/유스호스텔,8.51
호텔브라운도트 대연점,129.0892951,35.13453381,호텔/리조트,28.03
호텔뮤리,129.0908831,35.13547057,호텔/리조트,28.03
낙원모텔,129.0907202,35.13553131,펜션/민박/유스호스텔,8.51
황금모텔,129.0904076,35.13461686,펜션/민박/유스호스텔,8.51
뮤트호텔,129.0907994,35.13464742,호텔/리조트,28.03
초이스게스트하우스,129.0999151,35.13374326,펜션/민박/유스호스텔,8.51
용궁모텔,129.0913517,35.12998202,펜션/민박/유스호스텔,8.51
코리아호텔,129.0923112,35.13275907,호텔/리조트,28.03
이데아호텔,129.0924305,35.13191378,호텔/리조트,28.03
호텔더그랑,129.0937138,35.13477312,호텔/리조트,28.03
꿈모텔,129.0938887,35.13476252,펜션/민박/유스호스텔,8.51
유니콘모텔,129.0916322,35.1346684,펜션/민박/유스호스텔,8.51
지앤지호텔,129.0900052,35.13460158,호텔/리조트,28.03
제트호텔,129.0909951,35.13463791,호텔/리조트,28.03
K모텔,129.0913184,35.13464223,펜션/민박/유스호스텔,8.51
루이모텔,129.0878116,35.13445751,펜션/민박/유스호스텔,8.51
웰킨호텔,129.0901742,35.1345972,호텔/리조트,28.03
호텔온나,129.0915211,35.13441344,호텔/리조트,28.03
T호텔,129.066685,35.13756926,호텔/리조트,28.03
부산국제금융연수원,129.0658659,35.14649532,캠핑/카라반/글램핑,7.98
낙원모텔,129.0702526,35.13760206,펜션/민박/유스호스텔,8.51
산해모텔,129.0697071,35.13744963,펜션/민박/유스호스텔,8.51
블루모텔,129.0694948,35.13772539,펜션/민박/유스호스텔,8.51
브이모텔,129.0671398,35.13773947,펜션/민박/유스호스텔,8.51
보브호텔,129.0669388,35.13756941,호텔/리조트,28.03
엔터모텔,129.0671589,35.13748767,펜션/민박/유스호스텔,8.51
대화장여관,129.0942048,35.11316092,펜션/민박/유스호스텔,8.51
오륙도여관,129.0949907,35.11429012,펜션/민박/유스호스텔,8.51
용당별장여관,129.0943135,35.11329644,펜션/민박/유스호스텔,8.51
용호서울모텔,129.1125603,35.12065547,펜션/민박/유스호스텔,8.51
부산해군회관,129.1162479,35.10486567,캠핑/카라반/글램핑,7.98
호텔시카고,129.1111579,35.11867923,호텔/리조트,28.03
성운장여관,129.1107893,35.11428231,펜션/민박/유스호스텔,8.51
노블레스모텔,129.1111214,35.11830681,펜션/민박/유스호스텔,8.51
베니스모텔,129.1114093,35.11871312,펜션/민박/유스호스텔,8.51
가든장모텔,129.1108046,35.11370616,펜션/민박/유스호스텔,8.51
넘버25호텔,129.1112952,35.11852927,호텔/리조트,28.03
서울모텔,129.112561,35.12060939,펜션/민박/유스호스텔,8.51
젠하우스,129.1113346,35.11515197,펜션/민박/유스호스텔,8.51
게스트하우스,129.1082483,35.12631011,펜션/민박/유스호스텔,8.51
우암여관,129.0708113,35.12582043,펜션/민박/유스호스텔,8.51
힐티장,129.0556499,35.14065981,펜션/민박/유스호스텔,8.51
영광숙박,129.0556089,35.14076529,펜션/민박/유스호스텔,8.51
안드레연수원,129.0593022,35.13091171,캠핑/카라반/글램핑,7.98
황토방모텔,129.0609962,35.13872003,펜션/민박/유스호스텔,8.51
수채화모텔,129.0616192,35.13872579,펜션/민박/유스호스텔,8.51
틴토호텔,129.0607742,35.13830679,호텔/리조트,28.03
허브모텔,129.0589071,35.13877091,펜션/민박/유스호스텔,8.51
프린스호텔,129.0588743,35.13929949,호텔/리조트,28.03
천지장여관,129.058345,35.13949438,펜션/민박/유스호스텔,8.51
낙원여인숙,129.0597627,35.13731506,펜션/민박/유스호스텔,8.51
CC호텔,129.0606487,35.13749011,호텔/리조트,28.03
U모텔,129.0610439,35.13766137,펜션/민박/유스호스텔,8.51
산수모텔,129.0604073,35.13777822,펜션/민박/유스호스텔,8.51
U모텔,129.0610411,35.13765203,펜션/민박/유스호스텔,8.51
산수모텔,129.0604072,35.13777816,펜션/민박/유스호스텔,8.51
화신장여관,129.0620319,35.13653407,펜션/민박/유스호스텔,8.51
모텔369,129.0621177,35.13486904,펜션/민박/유스호스텔,8.51
코리아시티관광호텔,129.0635292,35.1380428,호텔/리조트,28.03
미진모텔,129.0610287,35.13975763,펜션/민박/유스호스텔,8.51
청운모텔,129.0610059,35.13951918,펜션/민박/유스호스텔,8.51
미진모텔,129.0610228,35.13975049,펜션/민박/유스호스텔,8.51
지앤지모텔,129.0632679,35.13927687,펜션/민박/유스호스텔,8.51
호텔라메르,129.0623238,35.14050523,호텔/리조트,28.03
하운드호텔,129.061939,35.14018498,호텔/리조트,28.03
라메르관광호텔,129.0622834,35.14048123,호텔/리조트,28.03
라온호텔,129.061896,35.14032664,호텔/리조트,28.03
루이스호텔,129.0620139,35.14039166,호텔/리조트,28.03
나포리모텔,129.0602848,35.13843013,펜션/민박/유스호스텔,8.51
리젠시모텔,129.0607582,35.13870614,펜션/민박/유스호스텔,8.51
스토리하우스,129.0604789,35.13844313,펜션/민박/유스호스텔,8.51
K7모텔,129.0605,35.13855096,펜션/민박/유스호스텔,8.51
허브모텔,129.0606193,35.13842203,펜션/민박/유스호스텔,8.51
해동모텔,129.0602694,35.14012607,펜션/민박/유스호스텔,8.51
리젠시모텔,129.0607673,35.13871811,펜션/민박/유스호스텔,8.51
리치모텔,129.0607998,35.1385407,펜션/민박/유스호스텔,8.51
삼성장여관,129.0556784,35.13613372,펜션/민박/유스호스텔,8.51
영모텔,129.0557433,35.13648271,펜션/민박/유스호스텔,8.51
브라운도트 호텔 범일점,129.056931,35.14027189,호텔/리조트,28.03
브라운도트호텔,129.056931,35.14027189,호텔/리조트,28.03
프린스모텔,129.0404349,35.1174461,펜션/민박/유스호스텔,8.51
송림장,129.0607677,35.13843727,펜션/민박/유스호스텔,8.51
힐모텔,129.0459675,35.12793217,펜션/민박/유스호스텔,8.51
힐모텔,129.0459622,35.12795883,펜션/민박/유스호스텔,8.51
꿈모텔,129.0475848,35.12952793,펜션/민박/유스호스텔,8.51
보건탕,129.0430162,35.12542534,펜션/민박/유스호스텔,8.51
경남여인숙,129.0457944,35.12754479,펜션/민박/유스호스텔,8.51
월성여인숙,129.0496354,35.13032769,펜션/민박/유스호스텔,8.51
프라임관광호텔,129.0502138,35.13058708,호텔/리조트,28.03
동명여인숙,129.0495424,35.1302343,펜션/민박/유스호스텔,8.51
브라운도트 호텔 부산진역점,129.048421,35.12952113,호텔/리조트,28.03
영빈관모텔,129.0479497,35.12952093,펜션/민박/유스호스텔,8.51
청명여인숙,129.0480293,35.12961756,펜션/민박/유스호스텔,8.51
수정장여관,129.0435385,35.12531392,펜션/민박/유스호스텔,8.51
동원장여관,129.0436893,35.12564929,펜션/민박/유스호스텔,8.51
수정장여관,129.0435385,35.12531391,펜션/민박/유스호스텔,8.51
본모텔,129.0514041,35.13210928,펜션/민박/유스호스텔,8.51
부산항힐링야영장,129.0503409,35.11408836,캠핑/카라반/글램핑,7.98
베스트인시티호텔,129.0414928,35.12030724,호텔/리조트,28.03
노떼라미아호텔,129.0397668,35.11184173,호텔/리조트,28.03
씨앤씨모텔,129.0370603,35.11310246,펜션/민박/유스호스텔,8.51
씨엔씨여관,129.0370628,35.11309666,펜션/민박/유스호스텔,8.51
멕시멈호텔,129.0393263,35.11592723,호텔/리조트,28.03
마리나레지던스호텔,129.0388643,35.11553521,호텔/리조트,28.03
구봉여인숙,129.0390855,35.11515237,펜션/민박/유스호스텔,8.51
본역여인숙,129.0384915,35.11433791,펜션/민박/유스호스텔,8.51
복성여관,129.0383635,35.11457684,펜션/민박/유스호스텔,8.51
남양장,129.0387808,35.1153894,펜션/민박/유스호스텔,8.51
장춘모텔,129.0380368,35.11340772,펜션/민박/유스호스텔,8.51
알프스모텔,129.0390936,35.1152711,펜션/민박/유스호스텔,8.51
대림장,129.0389543,35.11574613,펜션/민박/유스호스텔,8.51
거창여인숙,129.0377908,35.11294614,펜션/민박/유스호스텔,8.51
황금빌라,129.0378672,35.11299684,펜션/민박/유스호스텔,8.51
이바구캠프,129.0283125,35.11918333,캠핑/카라반/글램핑,7.98
이바구캠프,129.0285237,35.11915903,캠핑/카라반/글램핑,7.98
세느모텔,129.0375962,35.11271338,펜션/민박/유스호스텔,8.51
동원여관,129.0365685,35.11292116,펜션/민박/유스호스텔,8.51
게스트하우스코리아 부산역점,129.0414816,35.11751607,펜션/민박/유스호스텔,8.51
새여관,129.041455,35.11918692,펜션/민박/유스호스텔,8.51
테마모텔,129.041251,35.11913921,펜션/민박/유스호스텔,8.51
미라벨모텔,129.0384222,35.11366132,펜션/민박/유스호스텔,8.51
마리나레지던스,129.0369946,35.11371712,호텔/리조트,28.03
이데아호텔,129.0401919,35.11215514,호텔/리조트,28.03
모나코모텔,129.040072,35.1126008,펜션/민박/유스호스텔,8.51
부산역비즈니스호텔,129.0399828,35.11239691,호텔/리조트,28.03
팝콘호텔,129.0395025,35.11269459,호텔/리조트,28.03
오름 레지던스 호텔,129.0402156,35.1124026,호텔/리조트,28.03
이데아호텔,129.0401031,35.11212426,호텔/리조트,28.03
대원모텔,129.0379092,35.11663874,펜션/민박/유스호스텔,8.51
테레목호스텔,129.0383326,35.11564069,펜션/민박/유스호스텔,8.51
테레목호스텔,129.0383357,35.11563939,펜션/민박/유스호스텔,8.51
동일장모텔,129.0378214,35.11546379,펜션/민박/유스호스텔,8.51
동일장모텔,129.0378315,35.11546159,펜션/민박/유스호스텔,8.51
미래장,129.038941,35.11507712,펜션/민박/유스호스텔,8.51
미래장,129.0389429,35.11508233,펜션/민박/유스호스텔,8.51
온팍스레지던스,129.0405547,35.11319226,호텔/리조트,28.03
탑모텔,129.0403744,35.11335134,펜션/민박/유스호스텔,8.51
라마다앙코르부산역호텔,129.0403367,35.11430257,호텔/리조트,28.03
원웨이게스트하우스 부산점,129.0401455,35.11413947,펜션/민박/유스호스텔,8.51
코인모텔,129.0404196,35.11345391,펜션/민박/유스호스텔,8.51
호텔코코,129.0403372,35.11399908,호텔/리조트,28.03
힐모텔,129.0403744,35.11335134,펜션/민박/유스호스텔,8.51
오렌지게스트하우스 부산역점,129.0405183,35.11367076,펜션/민박/유스호스텔,8.51
모찌호스텔,129.0405223,35.11319844,펜션/민박/유스호스텔,8.51
아몬드호텔,129.0406566,35.11377512,호텔/리조트,28.03
탑모텔,129.040336,35.11325689,펜션/민박/유스호스텔,8.51
부산뷰호텔,129.0405489,35.11337896,호텔/리조트,28.03
퀸모텔,129.0391947,35.1158758,펜션/민박/유스호스텔,8.51
까무스모텔,129.0390421,35.11564503,펜션/민박/유스호스텔,8.51
부영장여관,129.0399836,35.11673159,펜션/민박/유스호스텔,8.51
청우여인숙,129.039451,35.11636681,펜션/민박/유스호스텔,8.51
더웨이호텔,129.0393245,35.11626509,호텔/리조트,28.03
서울모텔,129.0398553,35.11678074,펜션/민박/유스호스텔,8.51
호텔26,129.039755,35.11667806,호텔/리조트,28.03
서울여관,129.0398495,35.11684456,펜션/민박/유스호스텔,8.51
아리아모텔,129.0387307,35.11647811,펜션/민박/유스호스텔,8.51
브라운도트호텔,129.0383925,35.11634076,호텔/리조트,28.03
3.6.9 모텔,129.0413912,35.11660109,펜션/민박/유스호스텔,8.51
369모텔,129.0413948,35.11659428,펜션/민박/유스호스텔,8.51
부산인모텔,129.0415268,35.11652083,펜션/민박/유스호스텔,8.51
아스티호텔,129.0417928,35.11617411,호텔/리조트,28.03
파밀리에게스트하우스,129.041285,35.11639371,펜션/민박/유스호스텔,8.51
광장관광호텔,129.0413443,35.11619244,호텔/리조트,28.03
코리아나모텔,129.0399424,35.11724523,펜션/민박/유스호스텔,8.51
대구여관,129.0398184,35.1173101,펜션/민박/유스호스텔,8.51
은하모텔,129.0398661,35.11741119,펜션/민박/유스호스텔,8.51
소호스텔,129.0416127,35.11710372,펜션/민박/유스호스텔,8.51
첵앤아웃게스트하우스,129.0416017,35.11755611,펜션/민박/유스호스텔,8.51
숨게스트하우스,129.0416361,35.11757902,펜션/민박/유스호스텔,8.51
코리안모텔,129.0401639,35.11753814,펜션/민박/유스호스텔,8.51
태아장모텔,129.040114,35.11769539,펜션/민박/유스호스텔,8.51
프린스모텔,129.040435,35.11744607,펜션/민박/유스호스텔,8.51
진주여인숙,129.040405,35.1178373,펜션/민박/유스호스텔,8.51
프린스모텔,129.040435,35.11744607,펜션/민박/유스호스텔,8.51
보라장,129.0405127,35.11784224,펜션/민박/유스호스텔,8.51
목화모텔,129.0395666,35.11821419,펜션/민박/유스호스텔,8.51
더비에스호텔,129.0425935,35.11856186,호텔/리조트,28.03
센텀모텔,129.0425212,35.1184087,펜션/민박/유스호스텔,8.51
하운드호텔 부산역,129.0426829,35.11775044,호텔/리조트,28.03
플러스모텔,129.0409266,35.11875401,펜션/민박/유스호스텔,8.51
세종장여관,129.042628,35.11949973,펜션/민박/유스호스텔,8.51
장안여관,129.0431888,35.12055424,펜션/민박/유스호스텔,8.51
호텔그레이초량,129.0443324,35.12210939,호텔/리조트,28.03
호텔포레,129.0445878,35.12258841,호텔/리조트,28.03
호텔포레 부산역점,129.0446127,35.12257601,호텔/리조트,28.03
OJ모텔,129.0453933,35.1238101,펜션/민박/유스호스텔,8.51
동해장여관,129.039534,35.11894293,펜션/민박/유스호스텔,8.51
무진장여관,129.0396469,35.11883781,펜션/민박/유스호스텔,8.51
황금여인숙,129.0388549,35.11659924,펜션/민박/유스호스텔,8.51
스마일모텔,129.0390275,35.11673391,펜션/민박/유스호스텔,8.51
단테하우스B,129.0389709,35.11663762,펜션/민박/유스호스텔,8.51
샤이어호텔,129.0399496,35.11763698,호텔/리조트,28.03
귀빈모텔,129.0387527,35.11570063,펜션/민박/유스호스텔,8.51
스마일모텔,129.0390275,35.11673391,펜션/민박/유스호스텔,8.51
디노호텔,129.0387715,35.11587351,호텔/리조트,28.03
마이호스텔 부산역점,129.0385736,35.11581904,펜션/민박/유스호스텔,8.51
콜모텔,129.0386183,35.11608219,펜션/민박/유스호스텔,8.51
오션모텔,129.0386132,35.11560152,펜션/민박/유스호스텔,8.51
썬모텔,129.0384489,35.11595208,펜션/민박/유스호스텔,8.51
힐코모텔,129.0406798,35.11945996,펜션/민박/유스호스텔,8.51
만복장여관,129.0406791,35.11955094,펜션/민박/유스호스텔,8.51
만복장여관,129.0406791,35.1195509,펜션/민박/유스호스텔,8.51
만수장,129.0404441,35.11932041,펜션/민박/유스호스텔,8.51
갑진여인숙,129.0394659,35.11970507,펜션/민박/유스호스텔,8.51
유진장모텔,129.0392501,35.119845,펜션/민박/유스호스텔,8.51
갑진여인숙,129.0394599,35.11970772,펜션/민박/유스호스텔,8.51
이스튼모텔,129.0390441,35.11959507,펜션/민박/유스호스텔,8.51
힐모텔,129.0397502,35.12133226,펜션/민박/유스호스텔,8.51
신부여인숙,129.0392959,35.12118593,펜션/민박/유스호스텔,8.51
로얄장여관,129.038798,35.11766486,펜션/민박/유스호스텔,8.51
산동여관,129.0384699,35.11665209,펜션/민박/유스호스텔,8.51
부산숙박닷컴,129.0385214,35.11715373,펜션/민박/유스호스텔,8.51
필모텔,129.0388609,35.11782509,펜션/민박/유스호스텔,8.51
게스트하우스 싱글싱글,129.0368101,35.11370828,펜션/민박/유스호스텔,8.51
Inside Busan Hostel,129.0360857,35.11340821,펜션/민박/유스호스텔,8.51
워라밸게스트하우스,129.0362672,35.11317473,펜션/민박/유스호스텔,8.51
태림하우스,129.0366828,35.11400751,펜션/민박/유스호스텔,8.51
Elephant House,129.0363969,35.11344213,펜션/민박/유스호스텔,8.51
부산숙박닷컴,129.0385157,35.11714316,펜션/민박/유스호스텔,8.51
대원장여관,129.0379225,35.1165128,펜션/민박/유스호스텔,8.51
도원장여관,129.0390269,35.11892367,펜션/민박/유스호스텔,8.51
동신장여관,129.0388133,35.11892558,펜션/민박/유스호스텔,8.51
한길여인숙,129.0394528,35.11886264,펜션/민박/유스호스텔,8.51
르컬렉티브G7바이어반스테이,129.0459152,35.11645529,호텔/리조트,28.03
스위트모텔,129.0881829,35.20141838,펜션/민박/유스호스텔,8.51
프린스모텔,129.0880551,35.20137336,펜션/민박/유스호스텔,8.51
리베모텔,129.087462,35.20053444,펜션/민박/유스호스텔,8.51
수림모텔,129.0881067,35.20122752,펜션/민박/유스호스텔,8.51
향수장여관,129.0826179,35.20495312,펜션/민박/유스호스텔,8.51
락모텔,129.0821971,35.20483979,펜션/민박/유스호스텔,8.51
COCO모텔,129.083671,35.20394651,펜션/민박/유스호스텔,8.51
남도여인숙,129.0835377,35.20403256,펜션/민박/유스호스텔,8.51
꿈모텔,129.0827719,35.20473987,펜션/민박/유스호스텔,8.51
지엔지모텔,129.0833661,35.20436659,펜션/민박/유스호스텔,8.51
보브모텔,129.0832239,35.20454579,펜션/민박/유스호스텔,8.51
호텔아마레,129.0831113,35.20468963,호텔/리조트,28.03
에덴모텔,129.0836397,35.20413842,펜션/민박/유스호스텔,8.51
브이모텔,129.0829454,35.20508832,펜션/민박/유스호스텔,8.51
계림장여관,129.0822474,35.20454846,펜션/민박/유스호스텔,8.51
삼육구모텔,129.0835178,35.20444908,펜션/민박/유스호스텔,8.51
토토모텔,129.0838011,35.20426506,펜션/민박/유스호스텔,8.51
명조여관,129.0825676,35.20677564,펜션/민박/유스호스텔,8.51
보림모텔,129.1014678,35.20393788,펜션/민박/유스호스텔,8.51
서호모텔,129.0994536,35.202866,펜션/민박/유스호스텔,8.51
롯데모텔,129.1046825,35.20992859,펜션/민박/유스호스텔,8.51
청록장,129.1012297,35.20384149,펜션/민박/유스호스텔,8.51
크리스탈모텔,129.0847325,35.20124108,펜션/민박/유스호스텔,8.51
한일장,129.0841292,35.20316289,펜션/민박/유스호스텔,8.51
귀빈장,129.0844604,35.20274121,펜션/민박/유스호스텔,8.51
로망스모텔,129.0858529,35.20196013,펜션/민박/유스호스텔,8.51
블루힐모텔,129.085257,35.20040574,펜션/민박/유스호스텔,8.51
마모텔,129.0876892,35.20198818,펜션/민박/유스호스텔,8.51
라찌모텔,129.0976665,35.19679734,펜션/민박/유스호스텔,8.51
세인트나인호텔,129.0976905,35.19656504,호텔/리조트,28.03
영빈장여관,129.0985475,35.19932586,펜션/민박/유스호스텔,8.51
이브모텔,129.0985159,35.1993243,펜션/민박/유스호스텔,8.51
VOS모텔,129.0807266,35.21912199,펜션/민박/유스호스텔,8.51
호텔농심,129.0823201,35.22025936,호텔/리조트,28.03
천일온천호텔,129.0813225,35.2214515,호텔/리조트,28.03
녹천온천호텔,129.0809067,35.22049791,호텔/리조트,28.03
호텔프랑스,129.0810093,35.2225688,호텔/리조트,28.03
6번가모텔,129.0820084,35.22395456,펜션/민박/유스호스텔,8.51
한솔모텔,129.0820883,35.2233701,펜션/민박/유스호스텔,8.51
문화장여관,129.0819004,35.22356063,펜션/민박/유스호스텔,8.51
수원장여관,129.0812279,35.22332752,펜션/민박/유스호스텔,8.51
동남장여관,129.0810078,35.22296786,펜션/민박/유스호스텔,8.51
목원장여관,129.080571,35.21987424,펜션/민박/유스호스텔,8.51
세금장모텔,129.0800662,35.21991951,펜션/민박/유스호스텔,8.51
식물장여관,129.0811528,35.22320444,펜션/민박/유스호스텔,8.51
동궁장여관,129.0819959,35.22373077,펜션/민박/유스호스텔,8.51
청송장여관,129.0821637,35.22320439,펜션/민박/유스호스텔,8.51
도브호텔,129.0796287,35.21915508,호텔/리조트,28.03
W모텔,129.0814413,35.2185717,펜션/민박/유스호스텔,8.51
무아모텔,129.079913,35.22004584,펜션/민박/유스호스텔,8.51
대성관호텔,129.0811015,35.21959359,호텔/리조트,28.03
갤럭시모텔,129.0806508,35.21973859,펜션/민박/유스호스텔,8.51
카리노호텔,129.0815137,35.21956197,호텔/리조트,28.03
호텔킹,129.0811432,35.21997334,호텔/리조트,28.03
한빛장,129.0801857,35.22057612,펜션/민박/유스호스텔,8.51
은성장여관,129.0801934,35.2208107,펜션/민박/유스호스텔,8.51
호텔MVG,129.0787787,35.21396901,호텔/리조트,28.03
평강여관,129.0710664,35.20819364,펜션/민박/유스호스텔,8.51
금강국민호텔,129.0747994,35.22503944,호텔/리조트,28.03
고성장,129.0584188,35.21201609,펜션/민박/유스호스텔,8.51
The M Hotel,129.059827,35.21235174,호텔/리조트,28.03
동래온천호텔,129.0785243,35.21290664,호텔/리조트,28.03
인터파크모텔,129.0783213,35.21308492,펜션/민박/유스호스텔,8.51
뉴부산모텔,129.0784161,35.21359966,펜션/민박/유스호스텔,8.51
젬모텔,129.0782594,35.21328281,펜션/민박/유스호스텔,8.51
동래온천호텔,129.0780856,35.21336253,호텔/리조트,28.03
예천장여관,129.0781905,35.21390798,펜션/민박/유스호스텔,8.51
뉴부산모텔,129.0784282,35.21358385,펜션/민박/유스호스텔,8.51
로얄모텔,129.0698191,35.20697481,펜션/민박/유스호스텔,8.51
더스톤브릿지호텔,129.0697081,35.20254823,호텔/리조트,28.03
선우장여관,129.07128,35.20644826,펜션/민박/유스호스텔,8.51
이화장,129.0671773,35.20598491,펜션/민박/유스호스텔,8.51
해피맘하우스,129.0677075,35.20426447,펜션/민박/유스호스텔,8.51
거북장모텔,129.0661053,35.20314676,펜션/민박/유스호스텔,8.51
오렌지별장,129.067675,35.20338709,펜션/민박/유스호스텔,8.51
사직 덴바스타 시그니처호텔,129.0680018,35.20343416,호텔/리조트,28.03
사직 덴바스타 시그니처호텔,129.0679934,35.20342904,호텔/리조트,28.03
페이지호텔,129.0686595,35.20326038,호텔/리조트,28.03
올리브 모텔,129.0689836,35.2033293,펜션/민박/유스호스텔,8.51
에스에스모텔,129.068984,35.20290356,펜션/민박/유스호스텔,8.51
코리아나모텔,129.084895,35.2200687,펜션/민박/유스호스텔,8.51
온천장오호텔,129.0793198,35.21600163,호텔/리조트,28.03
동래모텔,129.0846607,35.22014273,펜션/민박/유스호스텔,8.51
보노호텔,129.0792434,35.21557401,호텔/리조트,28.03
지앤지모텔,129.0793081,35.21585599,펜션/민박/유스호스텔,8.51
썬모텔,129.0849217,35.22020981,펜션/민박/유스호스텔,8.51
송원별장,129.0841225,35.21977299,펜션/민박/유스호스텔,8.51
369모텔,129.0821613,35.22122587,펜션/민박/유스호스텔,8.51
S모텔,129.0823211,35.22150382,펜션/민박/유스호스텔,8.51
드림모텔,129.081813,35.22088151,펜션/민박/유스호스텔,8.51
허심모텔,129.0820034,35.22141907,펜션/민박/유스호스텔,8.51
황토방모텔,129.0842093,35.22235087,펜션/민박/유스호스텔,8.51
천우장,129.0841633,35.22200373,펜션/민박/유스호스텔,8.51
푸른장여관,129.0837334,35.22235746,펜션/민박/유스호스텔,8.51
우림여관,129.0718274,35.2076538,펜션/민박/유스호스텔,8.51
청원장여관,129.0731786,35.20737803,펜션/민박/유스호스텔,8.51
호텔야자,129.0828464,35.2177684,호텔/리조트,28.03
호텔오즈,129.0829242,35.21804237,호텔/리조트,28.03
호텔 이그니스,129.0829875,35.21816786,호텔/리조트,28.03
JS모텔,129.0828957,35.21788848,펜션/민박/유스호스텔,8.51
미투나호텔,129.0787685,35.21681674,호텔/리조트,28.03
이브레지던스,129.0817522,35.21827858,호텔/리조트,28.03
아담빌라,129.0817073,35.21835409,펜션/민박/유스호스텔,8.51
큐브모텔,129.0813665,35.21825937,펜션/민박/유스호스텔,8.51
샤인모텔,129.0815181,35.21814722,펜션/민박/유스호스텔,8.51
타히티모텔,129.0808971,35.21793047,펜션/민박/유스호스텔,8.51
CG모텔,129.0792039,35.2161254,펜션/민박/유스호스텔,8.51
올레지던스,129.0795157,35.21682926,호텔/리조트,28.03
대림장여관,129.0794007,35.21673772,펜션/민박/유스호스텔,8.51
그린모텔,129.0792892,35.21699406,펜션/민박/유스호스텔,8.51
빅토리아모텔,129.0795104,35.21718772,펜션/민박/유스호스텔,8.51
동산모텔,129.0705552,35.20728569,펜션/민박/유스호스텔,8.51
태백모텔,129.0704623,35.20671492,펜션/민박/유스호스텔,8.51
투유모텔,129.0701242,35.20648679,펜션/민박/유스호스텔,8.51
하운드호텔 미남역점,129.0703725,35.20571838,호텔/리조트,28.03
하루호텔,129.0704533,35.20635918,호텔/리조트,28.03
유토피아모텔,129.0700612,35.2061165,펜션/민박/유스호스텔,8.51
태백모텔,129.0704541,35.2067116,펜션/민박/유스호스텔,8.51
투헤븐호텔,129.0700421,35.20517043,호텔/리조트,28.03
버튼호텔,129.0700898,35.20568733,호텔/리조트,28.03
고궁장여관,129.0705456,35.20704536,펜션/민박/유스호스텔,8.51
파라죠모텔,129.0703321,35.20692903,펜션/민박/유스호스텔,8.51
미스터브릭호텔,129.0698944,35.20686582,호텔/리조트,28.03
호텔꿀비,129.0361714,35.15516374,호텔/리조트,28.03
태화여관,129.0429364,35.15630674,펜션/민박/유스호스텔,8.51
태화여관,129.0429463,35.15624486,펜션/민박/유스호스텔,8.51
더블유모텔,129.0216406,35.15217527,펜션/민박/유스호스텔,8.51
"네이버지도명 - '부산 개금e패션', 간판 - '호텔 e패션'",129.0234863,35.15236756,호텔/리조트,28.03
버킹검모텔,129.023101,35.15251828,펜션/민박/유스호스텔,8.51
레인보우모텔,129.0230705,35.15234276,펜션/민박/유스호스텔,8.51
레인보우호텔,129.0230578,35.15233057,호텔/리조트,28.03
허브모텔,129.020877,35.14852999,펜션/민박/유스호스텔,8.51
은하탕,129.0491411,35.15759592,펜션/민박/유스호스텔,8.51
다온하우스,129.0454496,35.15762072,펜션/민박/유스호스텔,8.51
센트모텔,129.0485476,35.15757646,펜션/민박/유스호스텔,8.51
고궁모텔,129.04877,35.15741683,펜션/민박/유스호스텔,8.51
리버모텔,129.0485892,35.15767736,펜션/민박/유스호스텔,8.51
서림장여관,129.0394561,35.16620607,펜션/민박/유스호스텔,8.51
서림장여관,129.039455,35.16621871,펜션/민박/유스호스텔,8.51
봉선모텔,129.0406128,35.16592872,펜션/민박/유스호스텔,8.51
평해여인숙,129.0442595,35.16285594,펜션/민박/유스호스텔,8.51
부일장여관,129.0499415,35.15925736,펜션/민박/유스호스텔,8.51
부일장여관,129.0499794,35.15926012,펜션/민박/유스호스텔,8.51
주안하우스,129.0585515,35.14399652,펜션/민박/유스호스텔,8.51
부산장,129.0582939,35.14350287,펜션/민박/유스호스텔,8.51
화동장,129.0554592,35.14291051,펜션/민박/유스호스텔,8.51
화동장,129.0554534,35.14290338,펜션/민박/유스호스텔,8.51
다이나믹게스트하우스,129.0576677,35.14980569,펜션/민박/유스호스텔,8.51
대호모텔,129.0630143,35.14225239,펜션/민박/유스호스텔,8.51
덴바스타호텔,129.0627571,35.14314713,호텔/리조트,28.03
예스모텔,129.0626147,35.14223464,펜션/민박/유스호스텔,8.51
K모텔,129.0625915,35.14244583,펜션/민박/유스호스텔,8.51
호텔큐파이브,129.0628281,35.14244873,호텔/리조트,28.03
7TH호텔,129.0586217,35.14807919,호텔/리조트,28.03
대성여인숙,129.058316,35.14795338,펜션/민박/유스호스텔,8.51
더호텔7TH,129.0586028,35.14807636,호텔/리조트,28.03
부산여인숙,129.0597165,35.1446214,펜션/민박/유스호스텔,8.51
"POI명 - 부산, 네이버지도명 - 부산여인숙",129.0597193,35.14463642,펜션/민박/유스호스텔,8.51
네이버지도명-이그이스모텔,129.06164,35.1483474,펜션/민박/유스호스텔,8.51
G7호텔,129.0609645,35.1490178,호텔/리조트,28.03
오즈모텔,129.061417,35.14883192,펜션/민박/유스호스텔,8.51
하루호텔,129.0604133,35.14856508,호텔/리조트,28.03
김치게스트하우스,129.0603388,35.14837391,펜션/민박/유스호스텔,8.51
투헤븐모텔,129.0604701,35.1480956,펜션/민박/유스호스텔,8.51
리순덕호텔,129.0602228,35.14870954,호텔/리조트,28.03
브라운도트호텔,129.0606016,35.14848638,호텔/리조트,28.03
하운드호텔,129.060463,35.14823734,호텔/리조트,28.03
투헤븐호텔,129.0604164,35.14809918,호텔/리조트,28.03
호텔25시,129.0604833,35.14799932,호텔/리조트,28.03
호텔콤마,129.0601728,35.14856646,호텔/리조트,28.03
네이버지도명 -'리순덕호텔',129.0602029,35.14871457,호텔/리조트,28.03
SS모텔,129.0601953,35.14884811,펜션/민박/유스호스텔,8.51
서림모텔,129.0598767,35.14511351,펜션/민박/유스호스텔,8.51
프렌치코드호텔,129.0602891,35.14726223,호텔/리조트,28.03
잉카모텔,129.0511585,35.16836433,펜션/민박/유스호스텔,8.51
로얄모텔,129.0512825,35.16802104,펜션/민박/유스호스텔,8.51
잉카모텔,129.0511642,35.16832333,펜션/민박/유스호스텔,8.51
월성모텔,129.0510155,35.16532017,펜션/민박/유스호스텔,8.51
경일장여관,129.0505653,35.15964004,펜션/민박/유스호스텔,8.51
경일장여관,129.0505624,35.15960708,펜션/민박/유스호스텔,8.51
목원장여관,129.0543514,35.16209329,펜션/민박/유스호스텔,8.51
롯데호텔,129.0555873,35.15671602,호텔/리조트,28.03
부산롯데호텔,129.0564162,35.15679003,호텔/리조트,28.03
테마모텔,129.0539795,35.15842284,펜션/민박/유스호스텔,8.51
수연장여관,129.0542796,35.15798523,펜션/민박/유스호스텔,8.51
브라운도트 호텔 서면역점 비즈니스,129.0540147,35.15660168,호텔/리조트,28.03
올인모텔,129.055097,35.15886183,펜션/민박/유스호스텔,8.51
프로포즈 모텔,129.0569114,35.15528276,펜션/민박/유스호스텔,8.51
K9모텔,129.0567822,35.15533374,펜션/민박/유스호스텔,8.51
더블린호텔,129.056593,35.15505577,호텔/리조트,28.03
휴모텔,129.0568235,35.15473986,펜션/민박/유스호스텔,8.51
계림장여관,129.0620246,35.15746734,펜션/민박/유스호스텔,8.51
S모텔,129.0620462,35.15474701,펜션/민박/유스호스텔,8.51
소호호텔,129.0617684,35.15861686,호텔/리조트,28.03
삼호장여관,129.0613344,35.15850849,펜션/민박/유스호스텔,8.51
레지던스머뭄,129.0617251,35.15884453,호텔/리조트,28.03
동경장여관,129.0613647,35.15814259,펜션/민박/유스호스텔,8.51
하루모텔,129.0612268,35.15618517,펜션/민박/유스호스텔,8.51
홈호텔,129.0617138,35.1563924,호텔/리조트,28.03
아주여관,129.0610691,35.164229,펜션/민박/유스호스텔,8.51
거북장여관,129.061176,35.16430723,펜션/민박/유스호스텔,8.51
거북장여관,129.0612815,35.16426746,펜션/민박/유스호스텔,8.51
도원장,129.0597247,35.1634603,펜션/민박/유스호스텔,8.51
TRTHOTEL,129.0558452,35.15323683,호텔/리조트,28.03
샤이어호텔,129.0570959,35.15223043,호텔/리조트,28.03
퀸스호텔,129.0553457,35.15502879,호텔/리조트,28.03
크로바여관,129.0549787,35.16112187,펜션/민박/유스호스텔,8.51
SF모텔,129.0567026,35.1519504,펜션/민박/유스호스텔,8.51
부산 비즈니스 호텔,129.0545363,35.15610984,호텔/리조트,28.03
짝럭셔리호텔,129.0564824,35.15298466,호텔/리조트,28.03
국제장여관,129.0572887,35.1611811,펜션/민박/유스호스텔,8.51
국제여관,129.0572847,35.16117916,펜션/민박/유스호스텔,8.51
국제여관,129.0572847,35.16117916,펜션/민박/유스호스텔,8.51
부호장여관,129.058248,35.16116578,펜션/민박/유스호스텔,8.51
부호장,129.0582422,35.16116486,펜션/민박/유스호스텔,8.51
부산장,129.058456,35.16010913,펜션/민박/유스호스텔,8.51
부산모텔,129.0584541,35.16011492,펜션/민박/유스호스텔,8.51
로망스모텔,129.0584878,35.16115621,펜션/민박/유스호스텔,8.51
우리모텔,129.0568818,35.15336443,펜션/민박/유스호스텔,8.51
넘버25 호텔 서면1번가점,129.0570678,35.15261614,호텔/리조트,28.03
호텔치즈,129.0565869,35.15344774,호텔/리조트,28.03
V.V모텔,129.0570416,35.15367424,펜션/민박/유스호스텔,8.51
호텔J7,129.0570356,35.15239458,호텔/리조트,28.03
모텔오투,129.0571502,35.15331752,펜션/민박/유스호스텔,8.51
시티호텔지앤지,129.0568996,35.15359537,호텔/리조트,28.03
ON모텔,129.0565007,35.15356497,펜션/민박/유스호스텔,8.51
필 모텔,129.0569413,35.15316477,펜션/민박/유스호스텔,8.51
Y모텔,129.056806,35.15242629,펜션/민박/유스호스텔,8.51
아바모텔,129.0571096,35.15386379,펜션/민박/유스호스텔,8.51
하림장모텔,129.0537162,35.15861186,펜션/민박/유스호스텔,8.51
뉴부산장여관,129.056426,35.15843714,펜션/민박/유스호스텔,8.51
라라비안코 비즈니스 호텔,129.0559571,35.15882716,호텔/리조트,28.03
수빈장여관,129.0568339,35.15972742,펜션/민박/유스호스텔,8.51
더블유모텔부산,129.0569352,35.15990707,펜션/민박/유스호스텔,8.51
호텔티티,129.0564859,35.16069778,호텔/리조트,28.03
W모텔,129.0569148,35.15992419,펜션/민박/유스호스텔,8.51
부산여인숙,129.0568919,35.1596953,펜션/민박/유스호스텔,8.51
캘리호스텔 서면본점,129.0592033,35.16026523,펜션/민박/유스호스텔,8.51
J모텔,129.0586352,35.16008446,펜션/민박/유스호스텔,8.51
놈모텔,129.0552562,35.15995398,펜션/민박/유스호스텔,8.51
이화장모텔,129.0563342,35.16048876,펜션/민박/유스호스텔,8.51
369모텔,129.0560726,35.16064593,펜션/민박/유스호스텔,8.51
호텔밴드,129.0560726,35.16064593,호텔/리조트,28.03
동광여인숙,129.0574276,35.16235374,펜션/민박/유스호스텔,8.51
동광여인숙,129.0574276,35.16235374,펜션/민박/유스호스텔,8.51
초원장,129.0564855,35.16216813,펜션/민박/유스호스텔,8.51
쉬리모텔,129.0596214,35.15997944,펜션/민박/유스호스텔,8.51
조아모텔,129.0597916,35.15991504,펜션/민박/유스호스텔,8.51
삼화여관,129.0604428,35.16039938,펜션/민박/유스호스텔,8.51
OK모텔,129.0596829,35.16005096,펜션/민박/유스호스텔,8.51
넘버25호텔,129.0594884,35.15914491,호텔/리조트,28.03
부산 서면 블루밍호텔,129.0581902,35.15200989,호텔/리조트,28.03
IB호텔,129.0572604,35.15224743,호텔/리조트,28.03
유나호텔 비지니스,129.0573227,35.15198678,호텔/리조트,28.03
블루모텔,129.0572747,35.15294788,펜션/민박/유스호스텔,8.51
사우스반데코호텔,129.0581902,35.15104769,호텔/리조트,28.03
솔라리아니시테츠호텔,129.0581917,35.15237637,호텔/리조트,28.03
K7모텔,129.0573229,35.15367946,펜션/민박/유스호스텔,8.51
몰디브모텔,129.0571754,35.15368163,펜션/민박/유스호스텔,8.51
일번가모텔,129.0582028,35.15479903,펜션/민박/유스호스텔,8.51
숨모텔,129.0555861,35.159798,펜션/민박/유스호스텔,8.51
홍도장여관,129.0561328,35.15913452,펜션/민박/유스호스텔,8.51
숨모텔,129.0555861,35.15979792,펜션/민박/유스호스텔,8.51
부산게스트하우스세리인,129.0559058,35.15932136,펜션/민박/유스호스텔,8.51
ZAVA모텔,129.05615,35.15930416,펜션/민박/유스호스텔,8.51
브이모텔,129.0565217,35.15976272,펜션/민박/유스호스텔,8.51
모텔지에스,129.0548109,35.16136043,펜션/민박/유스호스텔,8.51
월렉스모텔,129.0546082,35.16122887,펜션/민박/유스호스텔,8.51
올리브모텔,129.0553756,35.15835254,펜션/민박/유스호스텔,8.51
핑크장,129.0555458,35.15834458,펜션/민박/유스호스텔,8.51
하이모텔,129.0559002,35.15817134,펜션/민박/유스호스텔,8.51
핑크모텔,129.0555453,35.15835442,펜션/민박/유스호스텔,8.51
쌍마모텔,129.0559993,35.15839448,펜션/민박/유스호스텔,8.51
QT모텔,129.0603682,35.15582712,펜션/민박/유스호스텔,8.51
제니하우스,129.0598572,35.15694241,펜션/민박/유스호스텔,8.51
금하장여관,129.0613285,35.15922408,펜션/민박/유스호스텔,8.51
금하장여관,129.0613186,35.15922782,펜션/민박/유스호스텔,8.51
브라운도트 호텔 서면1호점,129.0611729,35.15896579,호텔/리조트,28.03
젠백팩커스호스텔,129.0540269,35.15366742,펜션/민박/유스호스텔,8.51
블루백팩커스호스텔,129.055282,35.15247589,펜션/민박/유스호스텔,8.51
"네이버지도명 - '미니 바이 유니크스테이', 간판 - 'HOTEL MINI'",129.0548166,35.15297378,호텔/리조트,28.03
1박2일모텔,129.0547118,35.15335227,펜션/민박/유스호스텔,8.51
X모텔,129.060067,35.15232348,펜션/민박/유스호스텔,8.51
K게스트하우스,129.0585855,35.15270274,펜션/민박/유스호스텔,8.51
24게스트하우스,129.0585788,35.15285601,펜션/민박/유스호스텔,8.51
호텔야자,129.0586256,35.1511465,호텔/리조트,28.03
삼천장,129.0601993,35.15712977,펜션/민박/유스호스텔,8.51
어반스테이더센트럴,129.0609156,35.15931262,호텔/리조트,28.03
어스틴게스트하우스,129.0603425,35.15183234,펜션/민박/유스호스텔,8.51
삼호장여관,129.0605006,35.15483716,펜션/민박/유스호스텔,8.51
호텔유케이,129.0613436,35.15386257,호텔/리조트,28.03
지오모텔,129.0614722,35.15371909,펜션/민박/유스호스텔,8.51
그랑호텔,129.0611082,35.15411878,호텔/리조트,28.03
호텔 아리아 서면,129.0612241,35.1560295,호텔/리조트,28.03
브이호텔,129.0557498,35.15474852,호텔/리조트,28.03
호텔엘레펀트,129.0560521,35.15532509,호텔/리조트,28.03
호텔 25시,129.0562535,35.15484717,호텔/리조트,28.03
호텔 더 스위트,129.0562299,35.15504664,호텔/리조트,28.03
렛츠고모텔,129.0555028,35.15521349,펜션/민박/유스호스텔,8.51
호텔더스위트,129.0562299,35.15504664,호텔/리조트,28.03
호텔와이티티,129.0553379,35.15555822,호텔/리조트,28.03
하운드호텔,129.0560237,35.15485427,호텔/리조트,28.03
호텔25시,129.0562535,35.15484717,호텔/리조트,28.03
쉼모텔,129.0554273,35.15529254,펜션/민박/유스호스텔,8.51
와우모텔,129.0559556,35.15513609,펜션/민박/유스호스텔,8.51
꿈의궁전모텔,129.0562299,35.15552828,펜션/민박/유스호스텔,8.51
라이온호텔,129.056101,35.15508346,호텔/리조트,28.03
YTT모텔,129.0553418,35.15555808,펜션/민박/유스호스텔,8.51
호텔야자,129.0560698,35.15556388,호텔/리조트,28.03
더클럽호텔,129.0565632,35.15485176,호텔/리조트,28.03
더클럽호텔,129.0565531,35.15478012,호텔/리조트,28.03
아르반호텔,129.0571894,35.15463886,호텔/리조트,28.03
엔젤호텔,129.0619158,35.1540265,호텔/리조트,28.03
호텔 엔젤,129.0618853,35.15408577,호텔/리조트,28.03
화성장여관,129.0606589,35.15566686,펜션/민박/유스호스텔,8.51
동명장여관,129.0605483,35.15560968,펜션/민박/유스호스텔,8.51
R모텔,129.0619244,35.15507189,펜션/민박/유스호스텔,8.51
신신호텔,129.0589835,35.15980174,호텔/리조트,28.03
간판 - 태화모텔,129.0592094,35.16254874,펜션/민박/유스호스텔,8.51
순우정모텔,129.0677145,35.1701914,펜션/민박/유스호스텔,8.51
화지청소년문화회관,129.0616758,35.17514854,캠핑/카라반/글램핑,7.98
양정청소년수련관,129.0717334,35.17729624,캠핑/카라반/글램핑,7.98
낙원모텔,129.0690058,35.17122324,펜션/민박/유스호스텔,8.51
스테이에비뉴호텔 양정점,129.0691565,35.17122129,호텔/리조트,28.03
브라운도트 호텔 양정점,129.0691209,35.17136231,호텔/리조트,28.03
낙원모텔,129.0689993,35.17121792,펜션/민박/유스호스텔,8.51
스테이에비뉴호텔 양정점,129.0691503,35.17121398,호텔/리조트,28.03
선풍장여관,129.070587,35.17073869,펜션/민박/유스호스텔,8.51
큐브모텔,129.0721349,35.17273658,펜션/민박/유스호스텔,8.51
호텔369,129.068879,35.16912541,호텔/리조트,28.03
호텔369,129.0688748,35.16911933,호텔/리조트,28.03
호림모텔,129.0726509,35.17301037,펜션/민박/유스호스텔,8.51
V1모텔,129.0703982,35.17255174,펜션/민박/유스호스텔,8.51
윙크장,129.0739968,35.17551439,펜션/민박/유스호스텔,8.51
미광장여관,129.0508317,35.16913002,펜션/민박/유스호스텔,8.51
골드모텔,129.0664917,35.15986302,펜션/민박/유스호스텔,8.51
영진목욕탕,129.0661793,35.16049079,펜션/민박/유스호스텔,8.51
토요코인호텔,129.0640808,35.15796708,호텔/리조트,28.03
토요코인호텔 부산서면,129.0640534,35.15796689,호텔/리조트,28.03
신라장여관,129.0637298,35.16027882,펜션/민박/유스호스텔,8.51
엘라하우스,129.0645742,35.15669999,펜션/민박/유스호스텔,8.51
하루모텔,129.0669624,35.16632243,펜션/민박/유스호스텔,8.51
전포여관,129.0604111,35.15473223,펜션/민박/유스호스텔,8.51
모텔리베라,129.0484484,35.18110743,펜션/민박/유스호스텔,8.51
젬모텔,129.0481203,35.18104508,펜션/민박/유스호스텔,8.51
브라운도트호텔,129.0478229,35.18098586,호텔/리조트,28.03
쏠호텔,129.0482399,35.18105762,호텔/리조트,28.03
짱9모텔,129.0485418,35.18088047,펜션/민박/유스호스텔,8.51
모텔리베라,129.0484503,35.18109848,펜션/민박/유스호스텔,8.51
설탕모텔,129.0482347,35.18146413,펜션/민박/유스호스텔,8.51
설탕모텔,129.0482395,35.18149589,펜션/민박/유스호스텔,8.51
리베라여관,129.0484789,35.18139519,펜션/민박/유스호스텔,8.51
리베라모텔,129.0486754,35.18137041,펜션/민박/유스호스텔,8.51
이화모텔,129.0486552,35.18114716,펜션/민박/유스호스텔,8.51
이화장,129.0486552,35.18114716,펜션/민박/유스호스텔,8.51
초읍 유나호텔,129.0482519,35.18214498,호텔/리조트,28.03
넘버25 호텔 초읍점,129.048263,35.18196497,호텔/리조트,28.03
발렌타인모텔,129.0476416,35.18160136,펜션/민박/유스호스텔,8.51
온모텔,129.0477544,35.18115263,펜션/민박/유스호스텔,8.51
아이리스모텔,129.0481262,35.1812842,펜션/민박/유스호스텔,8.51
루모텔,129.0480579,35.18146837,펜션/민박/유스호스텔,8.51
비타민호텔,129.048036,35.18155566,호텔/리조트,28.03
비타민호텔,129.0480257,35.18155164,호텔/리조트,28.03
라라호텔,129.0478919,35.18220792,호텔/리조트,28.03
로얄모텔,129.0475679,35.18231484,펜션/민박/유스호스텔,8.51
코리아나 모텔,129.047671,35.18225681,펜션/민박/유스호스텔,8.51
모텔 알리바바,129.0465395,35.18159173,펜션/민박/유스호스텔,8.51
아리바바여관,129.0466456,35.18174058,펜션/민박/유스호스텔,8.51
아리바바여관,129.0466523,35.18174329,펜션/민박/유스호스텔,8.51
경남장여관,128.9989645,35.20612018,펜션/민박/유스호스텔,8.51
엠유모텔,128.9993476,35.20641044,펜션/민박/유스호스텔,8.51
테크노모텔,128.9994946,35.20657704,펜션/민박/유스호스텔,8.51
청포장여관,128.9956474,35.2033517,펜션/민박/유스호스텔,8.51
뉴몽블랑모텔,128.9982738,35.20553178,펜션/민박/유스호스텔,8.51
녹천장,128.9992365,35.20612312,펜션/민박/유스호스텔,8.51
샤롯데모텔,128.9957767,35.20328843,펜션/민박/유스호스텔,8.51
향원장모텔,128.9971962,35.20605064,펜션/민박/유스호스텔,8.51
보라장여관,128.9966379,35.20509832,펜션/민박/유스호스텔,8.51
아몬드호텔,128.9957229,35.2049175,호텔/리조트,28.03
울산장,128.9956883,35.20441347,펜션/민박/유스호스텔,8.51
명성장여관,128.9950781,35.20399518,펜션/민박/유스호스텔,8.51
애플모텔,129.0009864,35.20883043,펜션/민박/유스호스텔,8.51
썸모텔,129.0007426,35.20857009,펜션/민박/유스호스텔,8.51
이데아호텔,128.9994216,35.20749588,호텔/리조트,28.03
스미스호텔,129.0010643,35.20900888,호텔/리조트,28.03
한일여관,129.0031491,35.20847856,펜션/민박/유스호스텔,8.51
한일여관,129.0031647,35.20848694,펜션/민박/유스호스텔,8.51
국보장여관,129.0041076,35.20955661,펜션/민박/유스호스텔,8.51
화목장여관,129.0029988,35.20899976,펜션/민박/유스호스텔,8.51
A모텔,128.9946933,35.20371899,펜션/민박/유스호스텔,8.51
바르도호텔,128.9999617,35.20900686,호텔/리조트,28.03
국보장여관,129.0041075,35.20955649,펜션/민박/유스호스텔,8.51
삼오장여관,129.0002222,35.20889977,펜션/민박/유스호스텔,8.51
V7모텔,128.994749,35.20378277,펜션/민박/유스호스텔,8.51
엘리스모텔,128.9948348,35.20385528,펜션/민박/유스호스텔,8.51
글로리모텔,129.0003853,35.20916913,펜션/민박/유스호스텔,8.51
베니스모텔,129.0004044,35.20903374,펜션/민박/유스호스텔,8.51
세븐모텔,129.0005585,35.20960174,펜션/민박/유스호스텔,8.51
유선게스트하우스,128.9894959,35.19779347,펜션/민박/유스호스텔,8.51
창성장여관,128.996627,35.20563293,펜션/민박/유스호스텔,8.51
서전별장,128.9986443,35.20720508,펜션/민박/유스호스텔,8.51
동원장여관,128.9984378,35.20707033,펜션/민박/유스호스텔,8.51
용궁장여관,128.9982807,35.20718948,펜션/민박/유스호스텔,8.51
초록장여관,128.9984417,35.20728847,펜션/민박/유스호스텔,8.51
대업장,128.9981747,35.2072045,펜션/민박/유스호스텔,8.51
모텔캣츠,128.9975868,35.20680983,펜션/민박/유스호스텔,8.51
역전여인숙,128.997406,35.20642248,펜션/민박/유스호스텔,8.51
프린스모텔,128.9987717,35.20762221,펜션/민박/유스호스텔,8.51
모란장여관,128.9988842,35.20740101,펜션/민박/유스호스텔,8.51
M모텔,128.998965,35.20729714,펜션/민박/유스호스텔,8.51
뉴캐럿모텔,129.0006952,35.20980823,펜션/민박/유스호스텔,8.51
와우모텔,129.0008525,35.20981187,펜션/민박/유스호스텔,8.51
I모텔,129.0007573,35.20874951,펜션/민박/유스호스텔,8.51
브띠크모텔,129.0008787,35.20911036,펜션/민박/유스호스텔,8.51
청우장여관,129.0007317,35.20889291,펜션/민박/유스호스텔,8.51
그린모텔,129.0016862,35.20878569,펜션/민박/유스호스텔,8.51
V모텔,129.0014935,35.20848622,펜션/민박/유스호스텔,8.51
쇼모텔,129.0015774,35.2086426,펜션/민박/유스호스텔,8.51
브라운도트호텔,129.001219,35.20833283,호텔/리조트,28.03
동영여인숙,129.001318,35.20721983,펜션/민박/유스호스텔,8.51
경수장여관,129.0045949,35.20928539,펜션/민박/유스호스텔,8.51
영빈장여관,128.995949,35.20231771,펜션/민박/유스호스텔,8.51
태흥장여관,128.9963779,35.20289394,펜션/민박/유스호스텔,8.51
은성장여관,128.9963039,35.20279343,펜션/민박/유스호스텔,8.51
상록장여관,129.0027771,35.20724257,펜션/민박/유스호스텔,8.51
아림장,129.0030321,35.2083052,펜션/민박/유스호스텔,8.51
화명오토캠핑장,129.0006771,35.22236866,캠핑/카라반/글램핑,7.98
1박2일모텔,129.0040236,35.21037217,펜션/민박/유스호스텔,8.51
스카이모텔,129.004183,35.21034206,펜션/민박/유스호스텔,8.51
에이유호텔,129.0031021,35.21040931,호텔/리조트,28.03
리베라모텔,129.0035535,35.21043553,펜션/민박/유스호스텔,8.51
매직모텔,129.0053979,35.21095051,펜션/민박/유스호스텔,8.51
덕천모텔,129.0093667,35.21172191,펜션/민박/유스호스텔,8.51
만수장모텔,129.0072182,35.21114622,펜션/민박/유스호스텔,8.51
덕천코코호텔,129.0095596,35.21197204,호텔/리조트,28.03
그림모텔,129.0061453,35.21114173,펜션/민박/유스호스텔,8.51
힐링모텔,129.005949,35.21107664,펜션/민박/유스호스텔,8.51
브라운도트호텔,129.0062893,35.21086504,호텔/리조트,28.03
투헤븐호텔,129.0036485,35.21011239,호텔/리조트,28.03
티파니모텔,129.0038068,35.21028587,펜션/민박/유스호스텔,8.51
에스모텔,129.0098835,35.21072234,펜션/민박/유스호스텔,8.51
모텔썸,129.0074796,35.21014597,펜션/민박/유스호스텔,8.51
호림장여관,129.0101301,35.21096423,펜션/민박/유스호스텔,8.51
25시모텔,129.0120034,35.21134821,펜션/민박/유스호스텔,8.51
육회산장,129.0108772,35.20979526,펜션/민박/유스호스텔,8.51
계곡산장,129.0419164,35.21676753,펜션/민박/유스호스텔,8.51
파라디아모텔,129.0452136,35.21419379,펜션/민박/유스호스텔,8.51
백양장여관,129.037802,35.20889208,펜션/민박/유스호스텔,8.51
투헤븐 모텔,129.047412,35.21107448,펜션/민박/유스호스텔,8.51
브라운도트 호텔 만덕점,129.0467262,35.21168623,호텔/리조트,28.03
메아리산장,129.0466352,35.21556581,펜션/민박/유스호스텔,8.51
겨울연가모텔,129.0473827,35.21070402,펜션/민박/유스호스텔,8.51
MVG모텔,129.0468945,35.21087372,펜션/민박/유스호스텔,8.51
유진모텔,129.0476253,35.21166248,펜션/민박/유스호스텔,8.51
나인투나인모텔,129.0486846,35.21187947,펜션/민박/유스호스텔,8.51
투헤븐모텔,129.0474069,35.21106642,펜션/민박/유스호스텔,8.51
더젠틀호텔,129.0470369,35.21143134,호텔/리조트,28.03
넘버25호텔,129.0482486,35.21164729,호텔/리조트,28.03
아브레 모텔,129.047101,35.2112108,펜션/민박/유스호스텔,8.51
투헤븐 모텔,129.047412,35.21107447,펜션/민박/유스호스텔,8.51
아브레모텔,129.0469873,35.21110848,펜션/민박/유스호스텔,8.51
브라운도트호텔,129.0467262,35.21168623,호텔/리조트,28.03
겨울연가모텔,129.0473698,35.21066379,펜션/민박/유스호스텔,8.51
호텔야자,129.0089001,35.23453852,호텔/리조트,28.03
스파호텔,129.0098164,35.23445217,호텔/리조트,28.03
B&B모텔,129.0091873,35.23454522,펜션/민박/유스호스텔,8.51
메르시호텔,129.0096255,35.23449819,호텔/리조트,28.03
호텔브리즈,129.0089015,35.23453418,호텔/리조트,28.03
스카이모텔,129.0101,35.2344663,펜션/민박/유스호스텔,8.51
MU모텔,129.0091171,35.23575397,펜션/민박/유스호스텔,8.51
런더너모텔,129.00896,35.23578298,펜션/민박/유스호스텔,8.51
덴바스타호텔 화명점,129.008601,35.23583317,호텔/리조트,28.03
브라운도트호텔,129.0087763,35.23581268,호텔/리조트,28.03
런더너호텔,129.00896,35.23578298,호텔/리조트,28.03
덴바스타호텔,129.008601,35.23583317,호텔/리조트,28.03
아바모텔,129.0088647,35.23486462,펜션/민박/유스호스텔,8.51
루이스J호텔,128.9735777,35.15395401,호텔/리조트,28.03
1954호텔,128.9753807,35.15307003,호텔/리조트,28.03
호텔프리마,128.9864574,35.15192309,호텔/리조트,28.03
덴바스타호텔,128.9864777,35.15209306,호텔/리조트,28.03
제이 모텔,128.9864003,35.15383378,펜션/민박/유스호스텔,8.51
더스톤브릿지호텔,128.986362,35.15368566,호텔/리조트,28.03
제일장여관,128.9873418,35.15846402,펜션/민박/유스호스텔,8.51
동경장여관,128.9871089,35.15849104,펜션/민박/유스호스텔,8.51
엠유모텔,128.9830634,35.15382193,펜션/민박/유스호스텔,8.51
경남장여관,128.9804391,35.15494111,펜션/민박/유스호스텔,8.51
경남장여관,128.9806148,35.15481734,펜션/민박/유스호스텔,8.51
청수장여관,128.9911585,35.15452328,펜션/민박/유스호스텔,8.51
호텔 자,128.9911325,35.15074961,호텔/리조트,28.03
NO25호텔,128.9894575,35.15245083,호텔/리조트,28.03
비즈니스호텔 르네상스,128.9830104,35.16176556,호텔/리조트,28.03
호텔파라곤,128.9813891,35.16192209,호텔/리조트,28.03
한도호텔파라곤,128.9813951,35.16193644,호텔/리조트,28.03
동남장여관,128.9812251,35.16515116,펜션/민박/유스호스텔,8.51
송림장여관,128.981248,35.16504819,펜션/민박/유스호스텔,8.51
강남여인숙,128.9838629,35.16576002,펜션/민박/유스호스텔,8.51
화성장,128.9836857,35.16565859,펜션/민박/유스호스텔,8.51
강남여인숙,128.983863,35.16576005,펜션/민박/유스호스텔,8.51
소르젠떼비지니스호텔,128.983987,35.16487681,호텔/리조트,28.03
나이스장,128.984172,35.16466104,펜션/민박/유스호스텔,8.51
황금장,128.9862282,35.16145798,펜션/민박/유스호스텔,8.51
브이원모텔,128.9859781,35.16150676,펜션/민박/유스호스텔,8.51
센스모텔,128.9865523,35.16149088,펜션/민박/유스호스텔,8.51
기린장모텔,128.985928,35.16306204,펜션/민박/유스호스텔,8.51
하트장여관,128.9852065,35.16405716,펜션/민박/유스호스텔,8.51
연암장여관,128.9855969,35.16293482,펜션/민박/유스호스텔,8.51
에스 호텔,128.9859644,35.16332153,호텔/리조트,28.03
호수장,128.9857523,35.16298792,펜션/민박/유스호스텔,8.51
하트장여관,128.9851657,35.16405063,펜션/민박/유스호스텔,8.51
천우장여관,128.9856368,35.16282614,펜션/민박/유스호스텔,8.51
기린장모텔,128.9859663,35.16307834,펜션/민박/유스호스텔,8.51
압구정모텔,128.9865981,35.16329527,펜션/민박/유스호스텔,8.51
아이모텔,128.986253,35.16321953,펜션/민박/유스호스텔,8.51
올레모텔,128.9864589,35.16366718,펜션/민박/유스호스텔,8.51
SHOW모텔,128.9861544,35.16343794,펜션/민박/유스호스텔,8.51
파트너모텔,128.9864823,35.16293839,펜션/민박/유스호스텔,8.51
W모텔,128.9867921,35.16300419,펜션/민박/유스호스텔,8.51
핑크장여관,128.986393,35.16312684,펜션/민박/유스호스텔,8.51
뉴코리아모텔,128.9865389,35.16345134,펜션/민박/유스호스텔,8.51
SHOW모텔,128.9861594,35.16345744,펜션/민박/유스호스텔,8.51
뉴코리아모텔,128.9865447,35.16346696,펜션/민박/유스호스텔,8.51
핑크장여관,128.986394,35.16313891,펜션/민박/유스호스텔,8.51
금하모텔,128.9864227,35.16303397,펜션/민박/유스호스텔,8.51
아비송모텔,128.9864246,35.163795,펜션/민박/유스호스텔,8.51
호림장여관,128.9770462,35.1685197,펜션/민박/유스호스텔,8.51
호림장여관,128.9770545,35.16851527,펜션/민박/유스호스텔,8.51
ND1226HOTEL,128.9770927,35.16940714,호텔/리조트,28.03
ND.1226호텔,128.9770927,35.16940714,호텔/리조트,28.03
성일장여관,128.9814102,35.16742864,펜션/민박/유스호스텔,8.51
옥돌별장,128.9813114,35.16730912,펜션/민박/유스호스텔,8.51
동원장,128.9868817,35.15943368,펜션/민박/유스호스텔,8.51
비치모텔,128.9835485,35.16495313,펜션/민박/유스호스텔,8.51
아리스모텔,128.9867793,35.15910116,펜션/민박/유스호스텔,8.51
일루아,128.9833959,35.16565484,호텔/리조트,28.03
엔젤장여관,128.983247,35.16672102,펜션/민박/유스호스텔,8.51
미림장여관,128.9871208,35.15941758,펜션/민박/유스호스텔,8.51
서울여관,128.9830143,35.16655878,펜션/민박/유스호스텔,8.51
발렌타인모텔,128.9859915,35.15855552,펜션/민박/유스호스텔,8.51
비너스모텔,128.9859969,35.15839983,펜션/민박/유스호스텔,8.51
산장모텔,128.9859658,35.15829346,펜션/민박/유스호스텔,8.51
평화장여관,128.9845602,35.16025098,펜션/민박/유스호스텔,8.51
힐링장,128.9855263,35.16351633,펜션/민박/유스호스텔,8.51
썸 호텔,128.9825928,35.16396152,호텔/리조트,28.03
빈스70호텔,128.9807283,35.16427167,호텔/리조트,28.03
MU모텔,128.9811926,35.16411443,펜션/민박/유스호스텔,8.51
루이스호텔,128.9828954,35.16418159,호텔/리조트,28.03
연풍모텔,128.9827954,35.16390783,펜션/민박/유스호스텔,8.51
콤마호텔,128.9805712,35.16428351,호텔/리조트,28.03
나무늘보호텔,128.9822777,35.16401217,호텔/리조트,28.03
투헤븐모텔,128.9808687,35.1641825,펜션/민박/유스호스텔,8.51
세느모텔,128.980424,35.16433111,펜션/민박/유스호스텔,8.51
비너스모텔,128.9824248,35.1639954,펜션/민박/유스호스텔,8.51
SS모텔,128.9820241,35.16393034,펜션/민박/유스호스텔,8.51
삼신장여관,128.9851161,35.16428142,펜션/민박/유스호스텔,8.51
영남장여관,128.9849597,35.16430814,펜션/민박/유스호스텔,8.51
온정장,128.9840366,35.16452556,펜션/민박/유스호스텔,8.51
블랙모텔,128.9849465,35.16452378,펜션/민박/유스호스텔,8.51
현대장,128.9814006,35.16509023,펜션/민박/유스호스텔,8.51
연화장,128.9835432,35.16535433,펜션/민박/유스호스텔,8.51
천일장여관,128.9837016,35.16500977,펜션/민박/유스호스텔,8.51
호텔더반,128.9838959,35.16503543,호텔/리조트,28.03
연화장,128.9835636,35.1653686,펜션/민박/유스호스텔,8.51
오아시스장 여관,128.9844696,35.16552691,펜션/민박/유스호스텔,8.51
천일장여관,128.9836971,35.16501389,펜션/민박/유스호스텔,8.51
신라장여관,128.9844257,35.16527707,펜션/민박/유스호스텔,8.51
달빛궁전모텔,128.9835142,35.16568088,펜션/민박/유스호스텔,8.51
동양장여관,128.9811622,35.16559183,펜션/민박/유스호스텔,8.51
네츄럴모텔,128.9821909,35.16625609,펜션/민박/유스호스텔,8.51
태화장여관,128.9814518,35.16998486,펜션/민박/유스호스텔,8.51
풍유장여관,128.9843645,35.15959511,펜션/민박/유스호스텔,8.51
제일장여관,128.9841299,35.15945579,펜션/민박/유스호스텔,8.51
수복장여관,128.9856558,35.15809972,펜션/민박/유스호스텔,8.51
수복장여관,128.9856622,35.1581064,펜션/민박/유스호스텔,8.51
산유장여관,128.9849138,35.15882452,펜션/민박/유스호스텔,8.51
하운드호텔,128.9776815,35.16179246,호텔/리조트,28.03
브라운도트사상르네시떼점,128.979551,35.16147986,호텔/리조트,28.03
프리미엄아바호텔,128.9828291,35.1614781,호텔/리조트,28.03
하이디자인호텔,128.9836696,35.16138648,호텔/리조트,28.03
헤라모텔,128.9791651,35.16159403,펜션/민박/유스호스텔,8.51
ZAM101HOTEL,128.9818697,35.16153113,호텔/리조트,28.03
하운드호텔 사상점,128.9776934,35.16180927,호텔/리조트,28.03
록수장여관,128.9843877,35.17469176,펜션/민박/유스호스텔,8.51
태화장여관,128.9813999,35.1698277,펜션/민박/유스호스텔,8.51
덕성여인숙,128.9810474,35.17063914,펜션/민박/유스호스텔,8.51
동심여관,128.9825566,35.17104497,펜션/민박/유스호스텔,8.51
성림장여관,128.9828551,35.17225958,펜션/민박/유스호스텔,8.51
젬모텔,128.9832273,35.18135737,펜션/민박/유스호스텔,8.51
호텔 979,128.9886251,35.1883001,호텔/리조트,28.03
화성장,128.9904763,35.18950433,펜션/민박/유스호스텔,8.51
호텔이레,128.9841552,35.18245111,호텔/리조트,28.03
넘버25호텔,128.986629,35.18226848,호텔/리조트,28.03
운수장여관,128.9872839,35.18547075,펜션/민박/유스호스텔,8.51
미도여관,128.9849182,35.18632104,펜션/민박/유스호스텔,8.51
삼락생태공원오토캠핑장,128.9690914,35.16652587,캠핑/카라반/글램핑,7.98
태양장여관,128.9876325,35.19538473,펜션/민박/유스호스텔,8.51
큐모텔,128.9801193,35.18934989,펜션/민박/유스호스텔,8.51
보브모텔,128.9773899,35.1855446,펜션/민박/유스호스텔,8.51
웁스모텔,128.9764645,35.17934376,펜션/민박/유스호스텔,8.51
호텔더메이,128.9861284,35.19522639,호텔/리조트,28.03
옥림모텔,128.987005,35.19514062,펜션/민박/유스호스텔,8.51
성주여관,128.9813054,35.17262621,펜션/민박/유스호스텔,8.51
송학장여관,128.9782382,35.16965048,펜션/민박/유스호스텔,8.51
짝모텔,128.9677111,35.12601272,펜션/민박/유스호스텔,8.51
브라운도트호텔,128.9688159,35.12866363,호텔/리조트,28.03
호텔프랜치코드,128.9686695,35.12869769,호텔/리조트,28.03
W모텔,128.9694416,35.12907224,펜션/민박/유스호스텔,8.51
빅토리아모텔,128.9690593,35.12668559,펜션/민박/유스호스텔,8.51
대구여관,128.9737247,35.13147949,펜션/민박/유스호스텔,8.51
플라워모텔,129.001563,35.14994167,펜션/민박/유스호스텔,8.51
송민장여관,128.9975767,35.15095259,펜션/민박/유스호스텔,8.51
미니호텔,129.012609,35.14934912,호텔/리조트,28.03
은성장여관,128.9980859,35.15100598,펜션/민박/유스호스텔,8.51
초원장여관,128.9956941,35.15221224,펜션/민박/유스호스텔,8.51
신신장여관,128.9879863,35.14215223,펜션/민박/유스호스텔,8.51
369모텔,128.9884386,35.14299203,펜션/민박/유스호스텔,8.51
엔젤모텔,128.9961325,35.13473436,펜션/민박/유스호스텔,8.51
코코모텔,128.9960464,35.13493324,펜션/민박/유스호스텔,8.51
방가방가게스트하우스,129.0095616,35.09713343,펜션/민박/유스호스텔,8.51
방가방가게스트하우스,129.0094799,35.09721415,펜션/민박/유스호스텔,8.51
연희모텔,129.0060331,35.08646522,펜션/민박/유스호스텔,8.51
경동장여관,129.0056876,35.08937716,펜션/민박/유스호스텔,8.51
삼풍장여관,129.006027,35.08538127,펜션/민박/유스호스텔,8.51
파라다이스,129.0053656,35.08588204,호텔/리조트,28.03
파라다이스모텔,129.0053756,35.08587687,펜션/민박/유스호스텔,8.51
대창여관,129.00638,35.08546849,펜션/민박/유스호스텔,8.51
청운장,128.9847249,35.09722541,펜션/민박/유스호스텔,8.51
비엘모텔,128.9803202,35.10019379,펜션/민박/유스호스텔,8.51
은하모텔,128.9937554,35.1007088,펜션/민박/유스호스텔,8.51
유진여인숙,128.9934826,35.10081774,펜션/민박/유스호스텔,8.51
미모텔,128.9941447,35.10081454,펜션/민박/유스호스텔,8.51
오렌지모텔,128.9936301,35.10074036,펜션/민박/유스호스텔,8.51
에덴장여관,128.9950867,35.10115906,펜션/민박/유스호스텔,8.51
동경장여관,128.9945927,35.10109807,펜션/민박/유스호스텔,8.51
9월모텔,128.9946308,35.10097408,펜션/민박/유스호스텔,8.51
로쏘호텔,128.9933311,35.10061304,호텔/리조트,28.03
늘봄모텔,128.992136,35.10039054,펜션/민박/유스호스텔,8.51
위브모텔,128.9913635,35.09904959,펜션/민박/유스호스텔,8.51
프린스모텔,128.9915302,35.09879031,펜션/민박/유스호스텔,8.51
위브모텔,128.9913573,35.09903428,펜션/민박/유스호스텔,8.51
EG모텔,128.9816169,35.09953608,펜션/민박/유스호스텔,8.51
크로바 호텔,128.9940128,35.09641173,호텔/리조트,28.03
삼오모텔,128.9928932,35.09967714,펜션/민박/유스호스텔,8.51
로망스모텔,128.9924908,35.0993301,펜션/민박/유스호스텔,8.51
로망스모텔,128.992485,35.09923271,펜션/민박/유스호스텔,8.51
지티모텔,128.9907509,35.09863598,펜션/민박/유스호스텔,8.51
라라모텔,128.9918914,35.09894942,펜션/민박/유스호스텔,8.51
락모텔,128.9939574,35.09938137,펜션/민박/유스호스텔,8.51
한미장여관,128.9710188,35.05627922,펜션/민박/유스호스텔,8.51
오이아호텔,128.9727617,35.0574017,호텔/리조트,28.03
모텔그리스,128.9742614,35.05761998,펜션/민박/유스호스텔,8.51
비치모텔,128.9715492,35.05707569,펜션/민박/유스호스텔,8.51
서울모텔,128.9709085,35.05636333,펜션/민박/유스호스텔,8.51
코자837모텔,128.9711018,35.05575364,펜션/민박/유스호스텔,8.51
6월모텔,128.9708584,35.0556484,펜션/민박/유스호스텔,8.51
원모텔,128.9700021,35.04850864,펜션/민박/유스호스텔,8.51
유성여관,128.9720774,35.05790609,펜션/민박/유스호스텔,8.51
맥스모텔,128.9696113,35.10564451,펜션/민박/유스호스텔,8.51
귀빈모텔,128.9697192,35.10557134,펜션/민박/유스호스텔,8.51
갈매기하우스,128.9745021,35.10276284,펜션/민박/유스호스텔,8.51
신평여관,128.974566,35.09115523,펜션/민박/유스호스텔,8.51
신평모텔,128.9747035,35.09108701,펜션/민박/유스호스텔,8.51
블루문모텔,128.9768748,35.0731306,펜션/민박/유스호스텔,8.51
여명모텔,128.9777067,35.07951194,펜션/민박/유스호스텔,8.51
성풍여관,128.9777236,35.07815839,펜션/민박/유스호스텔,8.51
레이어스호텔,128.9643563,35.10661587,호텔/리조트,28.03
프로포즈모텔,128.9618043,35.108507,펜션/민박/유스호스텔,8.51
하단해원모텔,128.964341,35.10707408,펜션/민박/유스호스텔,8.51
호텔야오,128.9638192,35.10746664,호텔/리조트,28.03
해원모텔,128.9643363,35.10706467,펜션/민박/유스호스텔,8.51
경희모텔,128.9652557,35.10755667,펜션/민박/유스호스텔,8.51
휴모텔,128.965149,35.10723833,펜션/민박/유스호스텔,8.51
K모텔,128.9651027,35.10766292,펜션/민박/유스호스텔,8.51
E팰리스호텔,128.965705,35.10878682,호텔/리조트,28.03
모텔 파라다이스,128.9664516,35.10825286,펜션/민박/유스호스텔,8.51
발리모텔,128.966566,35.10795917,펜션/민박/유스호스텔,8.51
E 팰리스 호텔,128.965702,35.10879272,호텔/리조트,28.03
모텔츄츄,128.9662697,35.10782814,펜션/민박/유스호스텔,8.51
브라운도트호텔,128.9658337,35.1083359,호텔/리조트,28.03
발렌타인 모텔,128.9661254,35.10860087,펜션/민박/유스호스텔,8.51
호텔메르시엘,128.9659842,35.10953107,호텔/리조트,28.03
공원장여관,128.9663162,35.10993901,펜션/민박/유스호스텔,8.51
세방장여관,128.9690265,35.1048597,펜션/민박/유스호스텔,8.51
대하장모텔,128.9669856,35.10496836,펜션/민박/유스호스텔,8.51
돔보여관,128.968559,35.1070161,펜션/민박/유스호스텔,8.51
라스베가스관광호텔,128.966534,35.10741051,호텔/리조트,28.03
그린힐호텔,128.9668249,35.10774326,호텔/리조트,28.03
로얄모텔,128.9603937,35.10378396,펜션/민박/유스호스텔,8.51
동진장여관,128.9692695,35.08144479,펜션/민박/유스호스텔,8.51
모텔와이티티,128.9647145,35.10725332,펜션/민박/유스호스텔,8.51
머물다호텔,128.9656181,35.10824527,호텔/리조트,28.03
넘버25호텔,128.9651507,35.10822036,호텔/리조트,28.03
YTT모텔,128.9647158,35.107257,펜션/민박/유스호스텔,8.51
와우호텔,128.9644718,35.10775891,호텔/리조트,28.03
퀸모텔,128.9643859,35.10717344,펜션/민박/유스호스텔,8.51
퍼블릭모텔,128.9647965,35.10758144,펜션/민박/유스호스텔,8.51
칠백장모텔,128.9631384,35.10357613,펜션/민박/유스호스텔,8.51
동성여인숙,129.024269,35.08610189,펜션/민박/유스호스텔,8.51
칠성여인숙,129.0242615,35.08496946,펜션/민박/유스호스텔,8.51
부산비치관광호텔,129.0262775,35.08497673,호텔/리조트,28.03
대흥장,129.0239181,35.08753447,펜션/민박/유스호스텔,8.51
대명장여관,129.0238908,35.08807173,펜션/민박/유스호스텔,8.51
대흥장,129.0239198,35.08753066,펜션/민박/유스호스텔,8.51
삼화여인숙,129.0244826,35.08533526,펜션/민박/유스호스텔,8.51
대명장여관,129.0238418,35.0881067,펜션/민박/유스호스텔,8.51
제일장,129.0236092,35.09171539,펜션/민박/유스호스텔,8.51
부산탕,129.0234975,35.09207816,펜션/민박/유스호스텔,8.51
충무여관,129.0229695,35.09202817,펜션/민박/유스호스텔,8.51
동미여인숙,129.0235253,35.09249553,펜션/민박/유스호스텔,8.51
금호장,129.0210154,35.10402939,펜션/민박/유스호스텔,8.51
라까사델솔 게스트하우스,129.0167659,35.1079872,펜션/민박/유스호스텔,8.51
부산 코인 독채하우스,129.0157081,35.10949883,펜션/민박/유스호스텔,8.51
구덕장모텔,129.0151553,35.11468844,펜션/민박/유스호스텔,8.51
구덕야영장,129.0096934,35.12554995,캠핑/카라반/글램핑,7.98
구덕야영장구덕수련원,129.0107942,35.1252737,펜션/민박/유스호스텔,8.51
남경여관,129.0184527,35.10173309,펜션/민박/유스호스텔,8.51
투헤븐호텔,129.0223655,35.0782926,호텔/리조트,28.03
99.9호텔,129.0220522,35.07943772,호텔/리조트,28.03
마리나호텔,129.0214864,35.07750957,호텔/리조트,28.03
모아모텔,129.0174843,35.07696014,펜션/민박/유스호스텔,8.51
페어필드바이메리어트,129.0192239,35.07768112,호텔/리조트,28.03
베스트웨스턴플러스 부산송도호텔,129.0178244,35.07720798,호텔/리조트,28.03
호텔아비숑,129.0223909,35.07819076,호텔/리조트,28.03
송도아바모텔 암남점,129.0227198,35.07759164,펜션/민박/유스호스텔,8.51
큐파이브호텔,129.0218905,35.0772323,호텔/리조트,28.03
송도오토캠핑장,129.0175354,35.07277651,캠핑/카라반/글램핑,7.98
코자자호텔,129.0225877,35.07771277,호텔/리조트,28.03
AVA모텔,129.0227267,35.07760553,펜션/민박/유스호스텔,8.51
큐파이브호텔,129.0219051,35.07723239,호텔/리조트,28.03
브이모텔,129.0221079,35.07922027,펜션/민박/유스호스텔,8.51
송도모텔,129.0197561,35.0780378,펜션/민박/유스호스텔,8.51
에이스모텔,129.0208109,35.07817127,펜션/민박/유스호스텔,8.51
금화장모텔,129.0211486,35.07862714,펜션/민박/유스호스텔,8.51
옐로하우스,129.0205582,35.07810781,펜션/민박/유스호스텔,8.51
M모텔,129.0205566,35.07847011,펜션/민박/유스호스텔,8.51
피닉스모텔,129.0204656,35.0783754,펜션/민박/유스호스텔,8.51
로얄장,129.0214716,35.0777064,펜션/민박/유스호스텔,8.51
호성장여관,129.0217047,35.07776479,펜션/민박/유스호스텔,8.51
남산장여관,129.0215964,35.07757076,펜션/민박/유스호스텔,8.51
로얄장,129.0214822,35.07772106,펜션/민박/유스호스텔,8.51
씨송도게스트하우스,129.018595,35.070268,펜션/민박/유스호스텔,8.51
2월호텔 송도점,129.0136846,35.0653058,호텔/리조트,28.03
파인힐모텔,129.0135993,35.0654605,펜션/민박/유스호스텔,8.51
아리아호텔,129.0137584,35.06512798,호텔/리조트,28.03
송도비치호텔,129.0156895,35.07478579,호텔/리조트,28.03
SKY모텔,129.012897,35.06621978,펜션/민박/유스호스텔,8.51
호텔쿼츠,129.0136764,35.06480252,호텔/리조트,28.03
맥스모텔,129.0134409,35.06567824,펜션/민박/유스호스텔,8.51
아이비하우스,129.0157722,35.0720943,펜션/민박/유스호스텔,8.51
귀빈장,129.0176733,35.07846692,펜션/민박/유스호스텔,8.51
와우모텔,129.0165508,35.07706541,펜션/민박/유스호스텔,8.51
부산게스트하우스 숨 송도점,129.0195326,35.07817314,펜션/민박/유스호스텔,8.51
유엔송도호텔,129.0161449,35.07736694,호텔/리조트,28.03
브라운도트호텔 송도해수욕장점,129.0170325,35.07677393,호텔/리조트,28.03
EL호텔,129.0170002,35.07720063,호텔/리조트,28.03
호텔얌,129.0168941,35.07745152,호텔/리조트,28.03
봄모텔,129.0166438,35.07723574,펜션/민박/유스호스텔,8.51
베네치아모텔,129.0169446,35.07732827,펜션/민박/유스호스텔,8.51
다모아모텔,129.017326,35.07735496,펜션/민박/유스호스텔,8.51
여행공장,129.0215448,35.0784202,펜션/민박/유스호스텔,8.51
퀸모텔,129.0217246,35.0789453,펜션/민박/유스호스텔,8.51
수모텔,129.0215402,35.0788955,펜션/민박/유스호스텔,8.51
송해장,129.0212943,35.0792101,펜션/민박/유스호스텔,8.51
퀸모텔,129.0217246,35.07894531,펜션/민박/유스호스텔,8.51
천마에코하우스,129.01741,35.09608838,펜션/민박/유스호스텔,8.51
더샵호텔,129.0255186,35.09666499,호텔/리조트,28.03
더샵호텔,129.0255104,35.09669791,호텔/리조트,28.03
깐느모텔,129.0250093,35.09723716,펜션/민박/유스호스텔,8.51
씨네모텔,129.0248457,35.09716889,펜션/민박/유스호스텔,8.51
버튼호텔,129.0246724,35.09731209,호텔/리조트,28.03
시티모텔,129.0246573,35.09752614,펜션/민박/유스호스텔,8.51
부산여인숙,129.0249717,35.09604596,펜션/민박/유스호스텔,8.51
신광여인숙,129.0249337,35.0959158,펜션/민박/유스호스텔,8.51
동원여인숙,129.0250637,35.09597953,펜션/민박/유스호스텔,8.51
성화여인숙,129.0250597,35.09590736,펜션/민박/유스호스텔,8.51
초원여인숙,129.024519,35.09411777,펜션/민박/유스호스텔,8.51
미진여인숙,129.0250014,35.09572326,펜션/민박/유스호스텔,8.51
남선여인숙,129.0246748,35.09482584,펜션/민박/유스호스텔,8.51
재건여인숙,129.0250611,35.09660159,펜션/민박/유스호스텔,8.51
동림여인숙,129.0251989,35.09646741,펜션/민박/유스호스텔,8.51
우정여인숙,129.0250452,35.09654751,펜션/민박/유스호스텔,8.51
M모텔,129.0256072,35.09651042,펜션/민박/유스호스텔,8.51
동림여인숙,129.025196,35.09645572,펜션/민박/유스호스텔,8.51
우정여인숙,129.0250452,35.09654757,펜션/민박/유스호스텔,8.51
재건여인숙,129.0250558,35.09658588,펜션/민박/유스호스텔,8.51
대흥장,129.0251244,35.0961269,펜션/민박/유스호스텔,8.51
칠성여인숙,129.0244536,35.09479932,펜션/민박/유스호스텔,8.51
동국여인숙,129.0238212,35.0950443,펜션/민박/유스호스텔,8.51
해성장여관,129.0247038,35.0949571,펜션/민박/유스호스텔,8.51
해성장여관,129.0247038,35.0949571,펜션/민박/유스호스텔,8.51
바다모텔,129.0248929,35.09491019,펜션/민박/유스호스텔,8.51
자갈치9월모텔,129.0251738,35.09516407,펜션/민박/유스호스텔,8.51
수정장여인숙,129.0246262,35.09575061,펜션/민박/유스호스텔,8.51
삼성장여관,129.0234746,35.09593766,펜션/민박/유스호스텔,8.51
동성여인숙,129.023479,35.09572401,펜션/민박/유스호스텔,8.51
원모텔,129.0234997,35.09601596,펜션/민박/유스호스텔,8.51
금강모텔,129.0233582,35.09540861,펜션/민박/유스호스텔,8.51
온모텔,129.0229297,35.09600906,펜션/민박/유스호스텔,8.51
우리모텔,129.0227144,35.09498969,펜션/민박/유스호스텔,8.51
동성여인숙,129.024269,35.08610192,펜션/민박/유스호스텔,8.51
천수장,129.0230852,35.09514779,펜션/민박/유스호스텔,8.51
천수장,129.0230852,35.09514777,펜션/민박/유스호스텔,8.51
브라운도트 호텔 남포충무점,129.0228798,35.09345008,호텔/리조트,28.03
녹원장,129.0212346,35.09401567,펜션/민박/유스호스텔,8.51
부산장모텔,129.0232854,35.09349096,펜션/민박/유스호스텔,8.51
주영레지던스,129.02313,35.09699463,호텔/리조트,28.03
초원파크 모텔,129.0216638,35.09640941,펜션/민박/유스호스텔,8.51
스테이모텔,129.0213782,35.09653084,펜션/민박/유스호스텔,8.51
더파크 게스트하우스,129.1177715,35.1548868,펜션/민박/유스호스텔,8.51
뷰띠끄호텔,129.1170426,35.15321794,호텔/리조트,28.03
광안비치모텔,129.1144273,35.14969051,펜션/민박/유스호스텔,8.51
WOODHOUSE HOTEL,129.1195835,35.15716031,호텔/리조트,28.03
호텔 쏘타 컬렉션 더 테라스,129.1152995,35.14993746,호텔/리조트,28.03
솔게스트하우스 부산파티점,129.1187264,35.15457462,펜션/민박/유스호스텔,8.51
블루문모텔,129.1174522,35.15327396,펜션/민박/유스호스텔,8.51
브릿지모텔,129.1145398,35.14870816,펜션/민박/유스호스텔,8.51
호메르스호텔,129.1179674,35.15342504,호텔/리조트,28.03
아쿠아펠리스호텔,129.1188353,35.15406972,호텔/리조트,28.03
켄트 호텔,129.1191294,35.15422798,호텔/리조트,28.03
SEASEE게스트하우스,129.1166653,35.15156854,펜션/민박/유스호스텔,8.51
호텔1,129.1173796,35.15249612,호텔/리조트,28.03
W모텔,129.1174135,35.15267924,펜션/민박/유스호스텔,8.51
호텔센트럴베이,129.1164364,35.15147287,호텔/리조트,28.03
H7L호스텔,129.1158636,35.15059748,펜션/민박/유스호스텔,8.51
뷰먼드 풀빌라,129.1148125,35.14922574,펜션/민박/유스호스텔,8.51
호메르스 호텔,129.11798,35.15342577,호텔/리조트,28.03
제이스테이펜트하우스,129.1158614,35.15059724,펜션/민박/유스호스텔,8.51
제이스테이 게스트하우스,129.1140233,35.14875327,펜션/민박/유스호스텔,8.51
루크하우스,129.1139602,35.14871769,펜션/민박/유스호스텔,8.51
브라운도트 호텔 광안리해수욕장점,129.1147818,35.14981237,호텔/리조트,28.03
호텔미라주,129.1143045,35.14921322,호텔/리조트,28.03
누리호스텔,129.116631,35.15173146,펜션/민박/유스호스텔,8.51
프리미엄브이관광호텔,129.1154077,35.15065964,호텔/리조트,28.03
하운드호텔,129.1145507,35.14888374,호텔/리조트,28.03
투헤븐호텔,129.1145706,35.14951152,호텔/리조트,28.03
망고호텔,129.1167352,35.15189732,호텔/리조트,28.03
더뷰게스트하우스,129.115316,35.15049668,펜션/민박/유스호스텔,8.51
씨유호텔,129.1146047,35.14903052,호텔/리조트,28.03
누리호텔,129.1166075,35.15174846,호텔/리조트,28.03
selfhouse,129.1175311,35.16577447,펜션/민박/유스호스텔,8.51
에스모텔,129.116768,35.16727626,펜션/민박/유스호스텔,8.51
리버호텔,129.1165947,35.1671317,호텔/리조트,28.03
대웅모텔,129.1155103,35.16586203,펜션/민박/유스호스텔,8.51
와바모텔,129.1155211,35.16574152,펜션/민박/유스호스텔,8.51
투유모텔,129.115501,35.1656473,펜션/민박/유스호스텔,8.51
봄날 모텔,129.1159741,35.16667196,펜션/민박/유스호스텔,8.51
수영맥스모텔,129.1155356,35.1659706,펜션/민박/유스호스텔,8.51
유토피아관광호텔,129.1171132,35.16744421,호텔/리조트,28.03
에메랄드모텔,129.115572,35.16607849,펜션/민박/유스호스텔,8.51
호텔웁스,129.1156296,35.16686745,호텔/리조트,28.03
제이모텔,129.112752,35.15842967,펜션/민박/유스호스텔,8.51
웁스호텔,129.1156296,35.16686743,호텔/리조트,28.03
타임모텔,129.116912,35.16760387,펜션/민박/유스호스텔,8.51
정수장여관,129.1160336,35.1668853,펜션/민박/유스호스텔,8.51
호텔더라찌,129.1131799,35.15527099,호텔/리조트,28.03
유성모텔,129.1138991,35.15850437,펜션/민박/유스호스텔,8.51
씨티모텔,129.1129033,35.15905977,펜션/민박/유스호스텔,8.51
지게스트하우스,129.1163084,35.15998062,펜션/민박/유스호스텔,8.51
몽뜨뢰모텔,129.1156769,35.16621774,펜션/민박/유스호스텔,8.51
디스커버리부산게스트하우스,129.116424,35.16734883,펜션/민박/유스호스텔,8.51
JENNYHOUSE,129.112308,35.15630799,펜션/민박/유스호스텔,8.51
몰디브모텔,129.110645,35.14553119,펜션/민박/유스호스텔,8.51
초하루게스트하우스,129.113652,35.14663504,펜션/민박/유스호스텔,8.51
호텔마레,129.1137128,35.14857159,호텔/리조트,28.03
썬샤인모텔,129.110891,35.1464022,펜션/민박/유스호스텔,8.51
갤러리호텔,129.1105322,35.14605111,호텔/리조트,28.03
금천모텔,129.1204853,35.16065961,펜션/민박/유스호스텔,8.51
휴모텔,129.1216479,35.15887584,펜션/민박/유스호스텔,8.51
반게스트하우스,129.1186412,35.15516027,펜션/민박/유스호스텔,8.51
레이게스트하우스,129.1189844,35.15491892,펜션/민박/유스호스텔,8.51
에이모텔,129.1250166,35.15587363,펜션/민박/유스호스텔,8.51
이화맨션,129.1208439,35.15504543,펜션/민박/유스호스텔,8.51
베스트루이스해밀턴호텔,129.1240009,35.15557963,호텔/리조트,28.03
꿈모텔,129.1213638,35.15597911,펜션/민박/유스호스텔,8.51
마린뷰호텔,129.1244005,35.1541667,호텔/리조트,28.03
오션뷰호텔,129.1243889,35.15398788,호텔/리조트,28.03
브라운도트호텔,129.1246982,35.15405956,호텔/리조트,28.03
에이치에비뉴호텔,129.1245151,35.1539705,호텔/리조트,28.03
오션스테이호텔,129.1245151,35.1539705,호텔/리조트,28.03
오션 더 포인트 호텔,129.1245151,35.1539705,호텔/리조트,28.03
더베이클럽호텔,129.1245151,35.1539705,호텔/리조트,28.03
오션더포인트호텔,129.1245151,35.1539705,호텔/리조트,28.03
호텔디옴므,129.1245126,35.15396161,호텔/리조트,28.03
와바모텔,129.1254924,35.15674252,펜션/민박/유스호스텔,8.51
넘버25호텔 광안점,129.124822,35.15520167,호텔/리조트,28.03
스타호텔,129.1250287,35.15577556,호텔/리조트,28.03
NO25호스텔,129.124822,35.15520167,펜션/민박/유스호스텔,8.51
넘버25호텔,129.124822,35.15520221,호텔/리조트,28.03
벡스코호스텔,129.1255592,35.15403097,펜션/민박/유스호스텔,8.51
수변모텔,129.1254051,35.15522991,펜션/민박/유스호스텔,8.51
호텔더그랑,129.1252446,35.15585579,호텔/리조트,28.03
와이모텔,129.1255746,35.1557914,펜션/민박/유스호스텔,8.51
페트라하우스,129.1260372,35.15713434,펜션/민박/유스호스텔,8.51
게스트하우스어반,129.1259036,35.15700297,펜션/민박/유스호스텔,8.51
레지던스호텔 다온채,129.1264923,35.15770589,호텔/리조트,28.03
옐로우라이트하우스,129.1342605,35.15675734,펜션/민박/유스호스텔,8.51
가든장여관,129.1233272,35.156204,펜션/민박/유스호스텔,8.51
비엔나모텔,129.1291178,35.1576917,펜션/민박/유스호스텔,8.51
호텔런더너,129.128702,35.15765609,호텔/리조트,28.03
거북모텔,129.1247382,35.1566018,펜션/민박/유스호스텔,8.51
더폼호스텔,129.126293,35.15744773,펜션/민박/유스호스텔,8.51
호텔야자,129.124842,35.15683176,호텔/리조트,28.03
더폼하우스,129.126293,35.15744773,펜션/민박/유스호스텔,8.51
호텔메종,129.1255247,35.15700292,호텔/리조트,28.03
궁모텔,129.1275351,35.15786102,펜션/민박/유스호스텔,8.51
정수장여관,129.1258207,35.1575766,펜션/민박/유스호스텔,8.51
스마일하우스,129.1240053,35.15513418,펜션/민박/유스호스텔,8.51
어반하우스펜트,129.1239039,35.15532352,펜션/민박/유스호스텔,8.51
호텔AG405,129.1346184,35.15646734,호텔/리조트,28.03
헤븐리펜트하우스,129.1241568,35.15462933,펜션/민박/유스호스텔,8.51
호텔헤이,129.1242139,35.15453083,호텔/리조트,28.03
Q모텔,129.1242143,35.15484656,펜션/민박/유스호스텔,8.51
게드게스트하우스,129.124115,35.15472203,펜션/민박/유스호스텔,8.51
바다산책펜트하우스,129.1320696,35.15473349,펜션/민박/유스호스텔,8.51
아정모텔,129.1242293,35.15444353,펜션/민박/유스호스텔,8.51
더엠모텔,129.124792,35.15530936,펜션/민박/유스호스텔,8.51
어반하우스,129.1245619,35.15524528,펜션/민박/유스호스텔,8.51
브라운도트호텔,129.11412,35.16859428,호텔/리조트,28.03
귀빈모텔,129.1137715,35.16886138,펜션/민박/유스호스텔,8.51
블루밍모텔,129.1104005,35.1727861,펜션/민박/유스호스텔,8.51
대호모텔,129.1149846,35.16819191,펜션/민박/유스호스텔,8.51
알프스모텔,129.1148244,35.16820902,펜션/민박/유스호스텔,8.51
미진장여관,129.0710696,35.18150577,펜션/민박/유스호스텔,8.51
무진장여인숙,129.0706464,35.18217097,펜션/민박/유스호스텔,8.51
제일여관,129.0727236,35.18856684,펜션/민박/유스호스텔,8.51
브이호텔,129.0794012,35.18581461,호텔/리조트,28.03
MU모텔,129.0795271,35.18569621,펜션/민박/유스호스텔,8.51
더 제니스 호텔,129.079743,35.18524061,호텔/리조트,28.03
우노레지던스,129.0788042,35.18607556,호텔/리조트,28.03
아바모텔,129.0793459,35.18553781,펜션/민박/유스호스텔,8.51
R모텔,129.07922,35.18580678,펜션/민박/유스호스텔,8.51
아마레호텔연산점,129.0786249,35.18640951,호텔/리조트,28.03
시애틀비 호텔,129.0788869,35.18627897,호텔/리조트,28.03
호텔야자 연산1호점,129.0783914,35.18652291,호텔/리조트,28.03
호텔 스미스,129.078785,35.186644,호텔/리조트,28.03
호텔야자 연산1호점,129.0783914,35.18652291,호텔/리조트,28.03
위드모텔,129.0800896,35.18724909,펜션/민박/유스호스텔,8.51
엘루이모텔,129.079653,35.18741013,펜션/민박/유스호스텔,8.51
조이모텔,129.0831759,35.18773513,펜션/민박/유스호스텔,8.51
WABA모텔,129.0829077,35.18802994,펜션/민박/유스호스텔,8.51
WABA모텔,129.0829121,35.18802537,펜션/민박/유스호스텔,8.51
노블모텔,129.0833798,35.18611571,펜션/민박/유스호스텔,8.51
로즈모텔,129.0840616,35.18641709,펜션/민박/유스호스텔,8.51
궁전모텔,129.0839006,35.18629878,펜션/민박/유스호스텔,8.51
OH모텔,129.1066097,35.18632534,펜션/민박/유스호스텔,8.51
더킹호텔,129.1069609,35.18585239,호텔/리조트,28.03
산호장여관,129.0910038,35.19003907,펜션/민박/유스호스텔,8.51
한양장여관,129.0901359,35.19145822,펜션/민박/유스호스텔,8.51
토곡장여관,129.1067032,35.18754981,펜션/민박/유스호스텔,8.51
브라운도트 호텔 연산토곡점,129.106574,35.18564384,호텔/리조트,28.03
호텔로이,129.106534,35.18587762,호텔/리조트,28.03
투헤븐호텔,129.1066296,35.18653226,호텔/리조트,28.03
연산 토곡 그레이191 호텔,129.1065378,35.18516296,호텔/리조트,28.03
호텔 로이,129.1066112,35.18590697,호텔/리조트,28.03
새림장여관,129.1065143,35.18755737,펜션/민박/유스호스텔,8.51
호텔오마이,129.1065658,35.18496721,호텔/리조트,28.03
황토방모텔,129.1065559,35.18534142,펜션/민박/유스호스텔,8.51
발리호텔,129.0841787,35.18739121,호텔/리조트,28.03
샤이어호텔,129.0831931,35.18675928,호텔/리조트,28.03
일루아,129.0836739,35.18653138,호텔/리조트,28.03
프린스모텔,129.0827007,35.1871947,펜션/민박/유스호스텔,8.51
휴모텔,129.0823158,35.18698253,펜션/민박/유스호스텔,8.51
아르반 시티 호텔,129.0833083,35.18697407,호텔/리조트,28.03
발리모텔,129.0842955,35.18747759,펜션/민박/유스호스텔,8.51
초원장여관,129.0849097,35.18735929,펜션/민박/유스호스텔,8.51
퀸스모텔,129.0839292,35.18758562,펜션/민박/유스호스텔,8.51
샤이어모텔,129.083223,35.18675772,펜션/민박/유스호스텔,8.51
토마토모텔,129.0804045,35.18678913,펜션/민박/유스호스텔,8.51
파라다이스모텔,129.0802786,35.18683477,펜션/민박/유스호스텔,8.51
태화장여관,129.0821458,35.18423515,펜션/민박/유스호스텔,8.51
호텔더루아,129.0820014,35.18436118,호텔/리조트,28.03
BNB호텔,129.0830607,35.1851302,호텔/리조트,28.03
웁스모텔,129.0816166,35.18496695,펜션/민박/유스호스텔,8.51
잠자리모텔,129.083132,35.18553589,펜션/민박/유스호스텔,8.51
유아인호텔,129.0830986,35.18539766,호텔/리조트,28.03
17th 호텔,129.0803314,35.18603202,호텔/리조트,28.03
하운드호텔 연산,129.0794033,35.18606603,호텔/리조트,28.03
문화장여관,129.0790197,35.18568659,펜션/민박/유스호스텔,8.51
다이아몬드호텔,129.0793516,35.18772367,호텔/리조트,28.03
와이유모텔,129.0775119,35.18574096,펜션/민박/유스호스텔,8.51
부원장,129.0780412,35.18642857,펜션/민박/유스호스텔,8.51
아이유모텔,129.0813862,35.18376028,펜션/민박/유스호스텔,8.51
아이유모텔,129.0813862,35.18376028,펜션/민박/유스호스텔,8.51
엠버스호텔,129.081643,35.18394103,호텔/리조트,28.03
굿스테이 센트럴 호텔,129.0815451,35.1877504,호텔/리조트,28.03
목화호텔,129.0806004,35.18806053,호텔/리조트,28.03
굿타임모텔,129.0799161,35.18201107,펜션/민박/유스호스텔,8.51
엔젤모텔,129.0827509,35.1875774,펜션/민박/유스호스텔,8.51
다우장모텔,129.0818378,35.18782844,펜션/민박/유스호스텔,8.51
브이모텔,129.0825635,35.18799008,펜션/민박/유스호스텔,8.51
MU플러스모텔,129.0827783,35.18784311,펜션/민박/유스호스텔,8.51
궁락모텔,129.0823481,35.1878133,펜션/민박/유스호스텔,8.51
유신모텔,129.0825846,35.18779614,펜션/민박/유스호스텔,8.51
필모텔,129.0825388,35.18742988,펜션/민박/유스호스텔,8.51
파크모텔,129.0824377,35.18761495,펜션/민박/유스호스텔,8.51
럭스모텔,129.0818846,35.18783811,펜션/민박/유스호스텔,8.51
JAGUESTHOUSE,129.0819823,35.18859408,펜션/민박/유스호스텔,8.51
호텔얌,129.0826178,35.1881073,호텔/리조트,28.03
하운드호텔 연산,129.0793938,35.18609048,호텔/리조트,28.03
동명장모텔,129.0380933,35.08989361,펜션/민박/유스호스텔,8.51
썸모텔,129.0397144,35.09096282,펜션/민박/유스호스텔,8.51
원모텔,129.0396412,35.09078306,펜션/민박/유스호스텔,8.51
이화모텔,129.0395471,35.08978689,펜션/민박/유스호스텔,8.51
이패션모텔,129.0402205,35.08983811,펜션/민박/유스호스텔,8.51
행운모텔,129.0378228,35.09145964,펜션/민박/유스호스텔,8.51
씨사이드모텔,129.0369398,35.09068553,펜션/민박/유스호스텔,8.51
큐브모텔,129.0392963,35.09072127,펜션/민박/유스호스텔,8.51
아이존모텔,129.0382973,35.09000841,펜션/민박/유스호스텔,8.51
나인모텔,129.0383973,35.09030756,펜션/민박/유스호스텔,8.51
이브모텔,129.038094,35.09153509,펜션/민박/유스호스텔,8.51
블루모텔,129.0384046,35.09077676,펜션/민박/유스호스텔,8.51
항구모텔,129.0374537,35.09029086,펜션/민박/유스호스텔,8.51
청호여관,129.037084,35.08852071,펜션/민박/유스호스텔,8.51
청호여관,129.0370796,35.08850846,펜션/민박/유스호스텔,8.51
동아장여관,129.0364065,35.08980512,펜션/민박/유스호스텔,8.51
원모텔,129.0396386,35.09078677,펜션/민박/유스호스텔,8.51
향남모텔,129.037582,35.09195561,펜션/민박/유스호스텔,8.51
아마존모텔,129.0396826,35.0930713,펜션/민박/유스호스텔,8.51
송원모텔,129.0391771,35.09320872,펜션/민박/유스호스텔,8.51
덕수모텔,129.039576,35.09270624,펜션/민박/유스호스텔,8.51
우리모텔,129.0394591,35.09271638,펜션/민박/유스호스텔,8.51
태성파크모텔,129.0390723,35.09145388,펜션/민박/유스호스텔,8.51
첼로모텔,129.0389412,35.09149909,펜션/민박/유스호스텔,8.51
태성파크모텔,129.0390696,35.09144138,펜션/민박/유스호스텔,8.51
노스하버호텔부산,129.0373614,35.09394251,호텔/리조트,28.03
비지비미디호텔,129.0373709,35.09394266,호텔/리조트,28.03
미디호텔부산,129.0373291,35.09401694,호텔/리조트,28.03
한국모텔,129.0376703,35.09258688,펜션/민박/유스호스텔,8.51
비취모텔,129.038664,35.09290157,펜션/민박/유스호스텔,8.51
베이하운드호텔,129.038423,35.09314878,호텔/리조트,28.03
지오모텔,129.0391604,35.09303087,펜션/민박/유스호스텔,8.51
신데렐라모텔,129.0398103,35.09149401,펜션/민박/유스호스텔,8.51
씨네모텔,129.0397708,35.09139641,펜션/민박/유스호스텔,8.51
오투모텔,129.0397146,35.091325,펜션/민박/유스호스텔,8.51
우창모텔,129.0402645,35.09262987,펜션/민박/유스호스텔,8.51
낙원장,129.0422684,35.09163777,펜션/민박/유스호스텔,8.51
O.K모텔,129.041697,35.09207357,펜션/민박/유스호스텔,8.51
낙원장여관,129.0422684,35.0916378,펜션/민박/유스호스텔,8.51
리베모텔,129.0419257,35.09200701,펜션/민박/유스호스텔,8.51
희빈모텔,129.0408841,35.09109853,펜션/민박/유스호스텔,8.51
E모텔,129.0403832,35.09096587,펜션/민박/유스호스텔,8.51
녹원모텔,129.0413,35.09063369,펜션/민박/유스호스텔,8.51
문화모텔,129.0406488,35.09258441,펜션/민박/유스호스텔,8.51
핑크모텔,129.0407919,35.09267564,펜션/민박/유스호스텔,8.51
문화장,129.0406557,35.09260173,펜션/민박/유스호스텔,8.51
강남모텔,129.0407883,35.09214121,펜션/민박/유스호스텔,8.51
신원모텔,129.0409185,35.0924324,펜션/민박/유스호스텔,8.51
드림모텔,129.0420171,35.09210809,펜션/민박/유스호스텔,8.51
테마모텔,129.0423166,35.09214819,펜션/민박/유스호스텔,8.51
산해모텔,129.0705029,35.07960864,펜션/민박/유스호스텔,8.51
모텔G2,129.0808537,35.06594177,펜션/민박/유스호스텔,8.51
함지골청소년수련관,129.0541515,35.07445344,캠핑/카라반/글램핑,7.98
아란치모텔,129.0809154,35.06845251,펜션/민박/유스호스텔,8.51
M모텔,129.081151,35.06889394,펜션/민박/유스호스텔,8.51
하얀성모텔,129.0814533,35.06884933,펜션/민박/유스호스텔,8.51
비치모텔,129.0812588,35.06920404,펜션/민박/유스호스텔,8.51
스쿠버하우스,129.0774269,35.06117284,펜션/민박/유스호스텔,8.51
호텔브릿지,129.0389774,35.09416941,호텔/리조트,28.03
라발스호텔,129.0391321,35.09448004,호텔/리조트,28.03
글랜스호텔,129.0388484,35.09344561,호텔/리조트,28.03
제이모텔,129.0390287,35.09342294,펜션/민박/유스호스텔,8.51
유성장여관,129.0397245,35.09370839,펜션/민박/유스호스텔,8.51
럭셔리모텔,129.0393008,35.09366094,펜션/민박/유스호스텔,8.51
럭셔리모텔,129.0393221,35.0935825,펜션/민박/유스호스텔,8.51
미미장여관,129.0408423,35.09345093,펜션/민박/유스호스텔,8.51
프리하우스,129.0550097,35.09303507,펜션/민박/유스호스텔,8.51
동남모텔,129.041156,35.08706736,펜션/민박/유스호스텔,8.51
해성장여관,129.0643142,35.09512909,펜션/민박/유스호스텔,8.51
시모하우스,129.0571165,35.091859,펜션/민박/유스호스텔,8.51
조양장여관,129.0621113,35.09597031,펜션/민박/유스호스텔,8.51
조양장여관,129.0621182,35.09596346,펜션/민박/유스호스텔,8.51
대영여관,129.0599623,35.09677581,펜션/민박/유스호스텔,8.51
큐모텔,129.0607209,35.09725968,펜션/민박/유스호스텔,8.51
큐모텔,129.0637573,35.0965043,펜션/민박/유스호스텔,8.51
콤마모텔,129.0345374,35.09842914,펜션/민박/유스호스텔,8.51
하버펜트하우스,129.0345426,35.0983985,펜션/민박/유스호스텔,8.51
이코노미24게이스하우스,129.0345147,35.09938406,펜션/민박/유스호스텔,8.51
더라스트호텔,129.0337625,35.09887569,호텔/리조트,28.03
힐게스트하우스&카페,129.0339604,35.09882729,펜션/민박/유스호스텔,8.51
그랜드모텔,129.0344908,35.0989423,펜션/민박/유스호스텔,8.51
WA호텔,129.034993,35.09904314,호텔/리조트,28.03
바르도호텔,129.0325369,35.09930783,호텔/리조트,28.03
동산장모텔,129.0315649,35.10008856,펜션/민박/유스호스텔,8.51
24게스트하우스,129.0264085,35.09682595,펜션/민박/유스호스텔,8.51
24게스트하우스,129.0345052,35.09764829,펜션/민박/유스호스텔,8.51
시나몬트리게스트하우스,129.0354357,35.09687563,펜션/민박/유스호스텔,8.51
호텔모모,129.0354641,35.09672876,호텔/리조트,28.03
베이202호텔,129.0313233,35.09892131,호텔/리조트,28.03
스테이웰호텔,129.0333936,35.09793834,호텔/리조트,28.03
펀스테이게스트하우스,129.0326388,35.09808016,펜션/민박/유스호스텔,8.51
미니호텔메이,129.032287,35.09828341,호텔/리조트,28.03
호텔린,129.032287,35.09828341,호텔/리조트,28.03
K게스트하우스,129.0329179,35.09813514,펜션/민박/유스호스텔,8.51
K게스트하우스,129.0330494,35.09801969,펜션/민박/유스호스텔,8.51
오렌지게스트하우스,129.0308418,35.09799467,펜션/민박/유스호스텔,8.51
브로시스호텔,129.0308887,35.09859519,호텔/리조트,28.03
대성여인숙,129.0310667,35.09727594,펜션/민박/유스호스텔,8.51
평화여인숙,129.031136,35.09739679,펜션/민박/유스호스텔,8.51
대원장모텔,129.0313646,35.09765104,펜션/민박/유스호스텔,8.51
동명장여관,129.0308416,35.09771907,펜션/민박/유스호스텔,8.51
호텔포레프리미어,129.0296679,35.09841612,호텔/리조트,28.03
J모텔,129.0301556,35.09869812,펜션/민박/유스호스텔,8.51
동성장여관,129.0297872,35.09745844,펜션/민박/유스호스텔,8.51
해변의모텔,129.0288311,35.09721742,펜션/민박/유스호스텔,8.51
부국모텔,129.0286544,35.09732496,펜션/민박/유스호스텔,8.51
팝콘호스텔,129.0295468,35.0977582,펜션/민박/유스호스텔,8.51
갤러리G모텔,129.0289757,35.09759622,펜션/민박/유스호스텔,8.51
부영장여관,129.0287468,35.09754211,펜션/민박/유스호스텔,8.51
호텔노아,129.0292844,35.09748192,호텔/리조트,28.03
테라게스트하우스2,129.0298482,35.09701399,펜션/민박/유스호스텔,8.51
동궁장여관,129.0301916,35.09771589,펜션/민박/유스호스텔,8.51
명성장모텔,129.0304758,35.09777506,펜션/민박/유스호스텔,8.51
남성장여관,129.0297442,35.09762867,펜션/민박/유스호스텔,8.51
삼원장,129.030169,35.09787867,펜션/민박/유스호스텔,8.51
TERRA게스트하우스,129.0301972,35.09654092,펜션/민박/유스호스텔,8.51
24게스트하우스,129.0263606,35.09689656,펜션/민박/유스호스텔,8.51
MGM호텔,129.026131,35.09794813,호텔/리조트,28.03
브이호텔,129.0257736,35.0978713,호텔/리조트,28.03
세븐모텔,129.0259669,35.0979391,펜션/민박/유스호스텔,8.51
V3모텔,129.0276425,35.09842696,펜션/민박/유스호스텔,8.51
게스트하우스디어문,129.0268976,35.09836846,펜션/민박/유스호스텔,8.51
대광모텔,129.0271894,35.09698729,펜션/민박/유스호스텔,8.51
태양장,129.0262818,35.09659254,펜션/민박/유스호스텔,8.51
오션투헤븐호텔앤스파,129.0266548,35.09669044,호텔/리조트,28.03
모텔트리,129.0262006,35.09674413,펜션/민박/유스호스텔,8.51
대성모텔,129.0284535,35.09661693,펜션/민박/유스호스텔,8.51
BIFF게스트하우스,129.0269694,35.0982571,펜션/민박/유스호스텔,8.51
로망스모텔,129.0269815,35.09813361,펜션/민박/유스호스텔,8.51
로즈모텔,129.0270503,35.09818991,펜션/민박/유스호스텔,8.51
평안여인숙,129.0269758,35.09812452,펜션/민박/유스호스텔,8.51
토요코인호텔,129.0366463,35.10902456,호텔/리조트,28.03
K79게스트하우스,129.0304784,35.10258922,펜션/민박/유스호스텔,8.51
넘버25호텔,129.031695,35.10311942,호텔/리조트,28.03
호텔콘트,129.0314402,35.10190464,호텔/리조트,28.03
테라게스트하우스2호점,129.0298651,35.09699494,펜션/민박/유스호스텔,8.51
하늘섬게스트하우스,129.0354688,35.09990907,펜션/민박/유스호스텔,8.51
부산관광호텔,129.0346015,35.10057499,호텔/리조트,28.03
부산장모텔,129.0341674,35.10019603,펜션/민박/유스호스텔,8.51
MU호텔,129.0342552,35.09993967,호텔/리조트,28.03
비엔비펜션,129.0343348,35.10000638,펜션/민박/유스호스텔,8.51
소유호텔,129.0343742,35.10081706,호텔/리조트,28.03
호텔야자,129.0345709,35.09991692,호텔/리조트,28.03
부산게스트하우스타워,129.0341365,35.10028687,펜션/민박/유스호스텔,8.51
아리아호텔,129.0339713,35.10075166,호텔/리조트,28.03
엘리제호텔,129.0339701,35.10103081,호텔/리조트,28.03
더하운드호텔,129.0339878,35.10201804,호텔/리조트,28.03
엘리제호텔,129.033979,35.1010197,호텔/리조트,28.03
태양모텔,129.0345524,35.10219681,펜션/민박/유스호스텔,8.51
에이스모텔,129.0342271,35.10179607,펜션/민박/유스호스텔,8.51
와이티티호텔남포,129.0347067,35.10154966,호텔/리조트,28.03
타워힐 호텔,129.0343481,35.10113477,호텔/리조트,28.03
에이스모텔,129.0342271,35.10179607,펜션/민박/유스호스텔,8.51
타워힐호텔,129.0342849,35.10112619,호텔/리조트,28.03
몽베르모텔,129.0342524,35.10164882,펜션/민박/유스호스텔,8.51
폭시모텔,129.0338195,35.10095843,펜션/민박/유스호스텔,8.51
호텔40계단,129.03443,35.10405777,호텔/리조트,28.03
화춘장여관,129.0345763,35.10513082,펜션/민박/유스호스텔,8.51
호텔40계단,129.0344244,35.10405081,호텔/리조트,28.03
방공호게스트하우스,129.0265534,35.10371209,펜션/민박/유스호스텔,8.51
보수장모텔,129.0263326,35.10341653,펜션/민박/유스호스텔,8.51
보수장모텔,129.0263293,35.10341891,펜션/민박/유스호스텔,8.51
호텔그레이,129.0243914,35.10373011,호텔/리조트,28.03
보하모텔,129.0228674,35.10352584,펜션/민박/유스호스텔,8.51
호텔빌리,129.0216498,35.10515918,호텔/리조트,28.03
빌리호텔,129.0216415,35.10515874,호텔/리조트,28.03
게스트하우스나우,129.0220916,35.10480299,펜션/민박/유스호스텔,8.51
놀게스트하우스,129.0275543,35.09955762,펜션/민박/유스호스텔,8.51
마이호스텔,129.0265386,35.09905857,펜션/민박/유스호스텔,8.51
파크모텔,129.0266572,35.09897674,펜션/민박/유스호스텔,8.51
오아시스모텔,129.0264189,35.09920371,펜션/민박/유스호스텔,8.51
유일모텔,129.0265285,35.09880706,펜션/민박/유스호스텔,8.51
모텔리베,129.0266263,35.09885154,펜션/민박/유스호스텔,8.51
새피아모텔,129.026551,35.09896591,펜션/민박/유스호스텔,8.51
그랜드모텔,129.0266477,35.09878022,펜션/민박/유스호스텔,8.51
프린스모텔,129.026813,35.09902139,펜션/민박/유스호스텔,8.51
우리게스트하우스,129.0259674,35.09955931,펜션/민박/유스호스텔,8.51
호텔미니,129.0257971,35.09876298,호텔/리조트,28.03
원모텔,129.0257658,35.09888978,펜션/민박/유스호스텔,8.51
헤르메스호텔,129.0252212,35.09922176,호텔/리조트,28.03
미도장,129.0254804,35.0989004,펜션/민박/유스호스텔,8.51
굿스테이 대영 호텔,129.0255511,35.10110154,호텔/리조트,28.03
동성장여관,129.0263561,35.10151544,펜션/민박/유스호스텔,8.51
동성장,129.0263677,35.10149284,펜션/민박/유스호스텔,8.51
호텔마르쉐,129.0252913,35.10023763,호텔/리조트,28.03
호텔보브,129.0248422,35.10022128,호텔/리조트,28.03
지앤비호텔,129.0248185,35.10123942,호텔/리조트,28.03
오륙도모텔,129.0239775,35.10077538,펜션/민박/유스호스텔,8.51
투헤븐호텔,129.0242851,35.10134955,호텔/리조트,28.03
금강장,129.0244885,35.10255383,펜션/민박/유스호스텔,8.51
MK게스트하우스,129.0236368,35.1009672,펜션/민박/유스호스텔,8.51
로케트하우스,129.0288565,35.1020423,펜션/민박/유스호스텔,8.51
큐브모텔,129.0364611,35.11050913,펜션/민박/유스호스텔,8.51
큐브모텔,129.0364611,35.11050913,펜션/민박/유스호스텔,8.51
힐사이드관광호텔,129.0359654,35.10923822,호텔/리조트,28.03
코모도호텔,129.035458,35.10917144,호텔/리조트,28.03
G호텔,129.0359224,35.10905006,호텔/리조트,28.03
책앤아웃호스텔,129.0363429,35.11280808,펜션/민박/유스호스텔,8.51
호텔더루아,129.0353054,35.10083809,호텔/리조트,28.03
수이호스텔,129.0360053,35.10108664,펜션/민박/유스호스텔,8.51
배러댄와플센트럴파크호텔,129.0359479,35.10050339,호텔/리조트,28.03
센트럴파크호텔,129.035957,35.10051662,호텔/리조트,28.03
단디게스트하우스,129.0345949,35.10413773,펜션/민박/유스호스텔,8.51
단디게스트하우스,129.0346609,35.10414338,펜션/민박/유스호스텔,8.51
크라운하버호텔,129.0367993,35.10756227,호텔/리조트,28.03
뉴브이모텔,129.0378742,35.11004531,펜션/민박/유스호스텔,8.51
그레이194호텔,129.0376377,35.10855875,호텔/리조트,28.03
비센트호텔,129.0392706,35.1107605,호텔/리조트,28.03
서울모텔,129.035622,35.10572482,펜션/민박/유스호스텔,8.51
반달호텔,129.0351503,35.10603221,호텔/리조트,28.03
커넥트부산호텔,129.0373871,35.10044601,호텔/리조트,28.03
휴플러스게스트하우스,129.0369915,35.09969971,펜션/민박/유스호스텔,8.51
플래티넘호텔,129.0304808,35.09903456,호텔/리조트,28.03
플래티늄호텔,129.0304798,35.09903754,호텔/리조트,28.03
호텔아벤트리부산,129.0295783,35.09980908,호텔/리조트,28.03
금빛장여관,129.1542518,35.23242609,펜션/민박/유스호스텔,8.51
동원모텔,129.1538751,35.23219692,펜션/민박/유스호스텔,8.51
초원장 여관,129.1482118,35.22573662,펜션/민박/유스호스텔,8.51
수복장여관,129.1485558,35.2294428,펜션/민박/유스호스텔,8.51
수복장모텔,129.1485525,35.22944236,펜션/민박/유스호스텔,8.51
인호텔,129.1553963,35.23272662,호텔/리조트,28.03
은재모텔,129.1544872,35.23231333,펜션/민박/유스호스텔,8.51
대구장여관,129.12286,35.20668892,펜션/민박/유스호스텔,8.51
목화장여관,129.1218003,35.20693221,펜션/민박/유스호스텔,8.51
가든장여관,129.1314304,35.20076747,펜션/민박/유스호스텔,8.51
금수장여관,129.1313866,35.20048902,펜션/민박/유스호스텔,8.51
센텀게스트하우스,129.1341813,35.17181459,펜션/민박/유스호스텔,8.51
송정마루민박,129.2041758,35.18164198,펜션/민박/유스호스텔,8.51
GO모텔,129.2057631,35.18207529,펜션/민박/유스호스텔,8.51
송정여인숙,129.2003296,35.18416107,펜션/민박/유스호스텔,8.51
풀하우스펜션,129.2052239,35.18329965,펜션/민박/유스호스텔,8.51
풀하우스민박,129.2054795,35.1832581,펜션/민박/유스호스텔,8.51
송정아토펜션,129.2053194,35.1835851,펜션/민박/유스호스텔,8.51
여우비호텔,129.205479,35.1824337,호텔/리조트,28.03
넛지567펜션,129.1964618,35.17543173,펜션/민박/유스호스텔,8.51
올라호텔,129.1968053,35.17686458,호텔/리조트,28.03
마린케이풀빌라펜션,129.1992106,35.1806066,펜션/민박/유스호스텔,8.51
스테이모어빌리지펜션,129.1963971,35.17347061,펜션/민박/유스호스텔,8.51
스테이모어호스텔,129.1962911,35.17371724,펜션/민박/유스호스텔,8.51
플레르 호텔,129.195939,35.17535999,호텔/리조트,28.03
브라운도트호텔,129.197312,35.17875947,호텔/리조트,28.03
라온호텔,129.197353,35.17765562,호텔/리조트,28.03
송정마루민박,129.1970515,35.17722889,펜션/민박/유스호스텔,8.51
모닝캄펜션,129.1964513,35.17560616,펜션/민박/유스호스텔,8.51
송정 스테이모어펜션,129.1962516,35.17372203,펜션/민박/유스호스텔,8.51
플레르 호텔,129.1959441,35.1753527,호텔/리조트,28.03
샤인우드펜션,129.1963707,35.17354446,펜션/민박/유스호스텔,8.51
스위트펜션,129.1955516,35.17590916,펜션/민박/유스호스텔,8.51
이너피스 펜션,129.1957237,35.17417823,펜션/민박/유스호스텔,8.51
ALOHA게스트하우스,129.1956641,35.17673406,펜션/민박/유스호스텔,8.51
일로이리조트,129.1971551,35.17006048,호텔/리조트,28.03
송정토마토민박,129.2039946,35.18175019,펜션/민박/유스호스텔,8.51
현대민박,129.2040546,35.18249586,펜션/민박/유스호스텔,8.51
다다민박,129.2045049,35.18177313,펜션/민박/유스호스텔,8.51
마루민박,129.2040776,35.18160432,펜션/민박/유스호스텔,8.51
펜션민박 레드문,129.2057658,35.18151356,펜션/민박/유스호스텔,8.51
그린민박,129.2047756,35.18178374,펜션/민박/유스호스텔,8.51
호텔홍단,129.205342,35.18177008,호텔/리조트,28.03
동원비치민박,129.2037132,35.18226697,펜션/민박/유스호스텔,8.51
고하우스,129.204002,35.1821925,펜션/민박/유스호스텔,8.51
CC민박펜션,129.2049506,35.18164523,펜션/민박/유스호스텔,8.51
뉴송정민박,129.203967,35.1825685,펜션/민박/유스호스텔,8.51
게스트하우스송정,129.2042608,35.18169677,펜션/민박/유스호스텔,8.51
송정등대민박,129.2054071,35.18138022,펜션/민박/유스호스텔,8.51
호텔가인,129.2051625,35.18191786,호텔/리조트,28.03
애플모텔,129.2028469,35.18420378,펜션/민박/유스호스텔,8.51
호텔하루,129.2028007,35.18416673,호텔/리조트,28.03
올리브하우스펜션,129.2033453,35.1831026,펜션/민박/유스호스텔,8.51
마리나모텔,129.2044801,35.18338289,펜션/민박/유스호스텔,8.51
호텔데이즈A,129.20516,35.18311934,호텔/리조트,28.03
호텔데이즈B,129.2048627,35.18307836,호텔/리조트,28.03
비치웨이 게스트하우스,129.201819,35.18094349,펜션/민박/유스호스텔,8.51
송정호텔블루캐슬,129.2011106,35.18102927,호텔/리조트,28.03
송정초원민박,129.2033449,35.18100679,펜션/민박/유스호스텔,8.51
무무스하우스,129.2040696,35.18186869,펜션/민박/유스호스텔,8.51
라이온비치하우스,129.2039013,35.18129729,펜션/민박/유스호스텔,8.51
우리민박,129.2011884,35.18089213,펜션/민박/유스호스텔,8.51
옛날민박,129.2037782,35.18122527,펜션/민박/유스호스텔,8.51
송해여인숙,129.2025633,35.18195858,펜션/민박/유스호스텔,8.51
미래민박,129.2032508,35.18138371,펜션/민박/유스호스텔,8.51
도가집민박,129.2026258,35.18145038,펜션/민박/유스호스텔,8.51
신세계민박,129.2038757,35.18162538,펜션/민박/유스호스텔,8.51
송원펜션민박,129.2027633,35.1820086,펜션/민박/유스호스텔,8.51
히딩크펜션,129.2038373,35.18111129,펜션/민박/유스호스텔,8.51
푸른민박,129.2026605,35.18170639,펜션/민박/유스호스텔,8.51
알리바바펜션,129.2033942,35.18147969,펜션/민박/유스호스텔,8.51
에스스테이펜션,129.2020978,35.18140758,펜션/민박/유스호스텔,8.51
브이호텔,129.2050655,35.18227318,호텔/리조트,28.03
송정호텔젬,129.2053497,35.182738,호텔/리조트,28.03
보라카이모텔,129.2051461,35.18245236,펜션/민박/유스호스텔,8.51
감동호텔,129.2046925,35.18250807,호텔/리조트,28.03
V모텔,129.2050006,35.18234199,펜션/민박/유스호스텔,8.51
부산송정민박,129.2045428,35.18238441,펜션/민박/유스호스텔,8.51
2월호텔,129.2050736,35.18304077,호텔/리조트,28.03
아이엠호텔,129.2052574,35.18259568,호텔/리조트,28.03
코코호텔,129.205305,35.1822415,호텔/리조트,28.03
세븐모텔,129.2048272,35.18272742,펜션/민박/유스호스텔,8.51
감동호텔,129.2047183,35.18251104,호텔/리조트,28.03
송정호텔젬,129.2053861,35.18274398,호텔/리조트,28.03
보라카이모텔,129.2051477,35.18246361,펜션/민박/유스호스텔,8.51
아이엠호텔,129.2052197,35.18260892,호텔/리조트,28.03
GO모텔,129.2055457,35.18200433,펜션/민박/유스호스텔,8.51
송정 GB그리다펜션,129.1990006,35.18001432,펜션/민박/유스호스텔,8.51
송정스카이풀빌라펜션,129.1983834,35.17905844,펜션/민박/유스호스텔,8.51
빌라코트야드,129.2000161,35.18155214,펜션/민박/유스호스텔,8.51
해운대카라반펜션,129.1967265,35.17669249,펜션/민박/유스호스텔,8.51
윙민박,129.2005472,35.18222168,펜션/민박/유스호스텔,8.51
금하민박,129.1987261,35.17942926,펜션/민박/유스호스텔,8.51
금강민박,129.196539,35.17634251,펜션/민박/유스호스텔,8.51
사계민박,129.2005135,35.18110041,펜션/민박/유스호스텔,8.51
굿모닝 게스트하우스,129.2022332,35.18098113,펜션/민박/유스호스텔,8.51
송정바다뷰펜션 커플 가족 단체,129.2041882,35.18093379,펜션/민박/유스호스텔,8.51
동우장,129.2028133,35.18110866,펜션/민박/유스호스텔,8.51
부영민박,129.2048506,35.18125039,펜션/민박/유스호스텔,8.51
소라민박,129.2037508,35.1811254,펜션/민박/유스호스텔,8.51
큰이모민박,129.2051881,35.18134211,펜션/민박/유스호스텔,8.51
부산 그레이샌즈풀빌라펜션,129.2027427,35.18092059,펜션/민박/유스호스텔,8.51
바다봄펜션,129.2047524,35.18096597,펜션/민박/유스호스텔,8.51
명진게스트하우스,129.2024577,35.18097815,펜션/민박/유스호스텔,8.51
나무늘보호텔 송정점,129.2025055,35.18082502,호텔/리조트,28.03
더설레임펜션,129.2047947,35.18156502,펜션/민박/유스호스텔,8.51
브룩스호텔,129.2047388,35.18113214,호텔/리조트,28.03
송정바다뷰펜션커플가족단체,129.2041568,35.18092432,펜션/민박/유스호스텔,8.51
달로달리펜션,129.2049168,35.18145403,펜션/민박/유스호스텔,8.51
돌담하우스,129.2045562,35.18089778,펜션/민박/유스호스텔,8.51
송정호텔,129.2030877,35.18109984,호텔/리조트,28.03
달로달리펜션,129.204912,35.18145463,펜션/민박/유스호스텔,8.51
인연민박,129.2035947,35.18099236,펜션/민박/유스호스텔,8.51
쿨펜션,129.205334,35.18127487,펜션/민박/유스호스텔,8.51
라임펜션,129.2027964,35.18104939,펜션/민박/유스호스텔,8.51
동원비치민박,129.2034689,35.18106337,펜션/민박/유스호스텔,8.51
1812게스트하우스,129.2028925,35.18095436,펜션/민박/유스호스텔,8.51
아리랑펜션,129.204343,35.18111986,펜션/민박/유스호스텔,8.51
호텔S,129.2019498,35.1806618,호텔/리조트,28.03
송정해변펜션,129.2020734,35.18093937,펜션/민박/유스호스텔,8.51
송정 빈티지하우스 펜션,129.2022644,35.1807296,펜션/민박/유스호스텔,8.51
명진게스트하우스,129.2024173,35.18100937,펜션/민박/유스호스텔,8.51
베이 호텔,129.200469,35.18403108,호텔/리조트,28.03
쇼호텔,129.1575042,35.16230504,호텔/리조트,28.03
해운대게스트하우스,129.1598749,35.16191524,펜션/민박/유스호스텔,8.51
런더너호텔,129.1573244,35.16126027,호텔/리조트,28.03
오즈미니호텔,129.1589639,35.16222209,호텔/리조트,28.03
하운드호텔 해운대,129.156787,35.16102708,호텔/리조트,28.03
하운드 가든&테라스 호텔,129.1570419,35.16116956,호텔/리조트,28.03
에스원호텔,129.1575528,35.16141023,호텔/리조트,28.03
WA호텔,129.1572573,35.16160947,호텔/리조트,28.03
솔게스트하우스,129.1590824,35.16227582,펜션/민박/유스호스텔,8.51
소사이어티호텔,129.1578001,35.16163198,호텔/리조트,28.03
2F게스트하우스,129.1587945,35.16246027,펜션/민박/유스호스텔,8.51
더비치호텔,129.158372,35.16222614,호텔/리조트,28.03
루이스호텔,129.1574882,35.16174516,호텔/리조트,28.03
SC헬싱키호텔,129.1579602,35.16197419,호텔/리조트,28.03
키다리하우스,129.1577012,35.16158266,펜션/민박/유스호스텔,8.51
JB디자인호텔,129.1580468,35.16169342,호텔/리조트,28.03
준호텔,129.1586859,35.16206866,호텔/리조트,28.03
잉카모텔,129.1570132,35.1614736,펜션/민박/유스호스텔,8.51
판다게스트하우스,129.1587832,35.16186844,펜션/민박/유스호스텔,8.51
티스테이모텔,129.1588767,35.16159442,펜션/민박/유스호스텔,8.51
더베이호텔,129.1580662,35.16149183,호텔/리조트,28.03
스카이게스트하우스해운대,129.1587913,35.16186968,펜션/민박/유스호스텔,8.51
호텔여기어때,129.1579451,35.1610756,호텔/리조트,28.03
싼타페모텔,129.1590374,35.16165786,펜션/민박/유스호스텔,8.51
폭시호텔,129.1583219,35.16123327,호텔/리조트,28.03
미호텔,129.1591869,35.16178131,호텔/리조트,28.03
더홈게스트하우스,129.1587849,35.16186616,펜션/민박/유스호스텔,8.51
게리쿠퍼호텔,129.1590388,35.16201956,호텔/리조트,28.03
산타페모텔,129.1590427,35.16167014,펜션/민박/유스호스텔,8.51
온모텔,129.1581423,35.16115702,펜션/민박/유스호스텔,8.51
브이모텔,129.1577361,35.16127339,펜션/민박/유스호스텔,8.51
폭시호텔,129.158314,35.1612524,호텔/리조트,28.03
노블레스모텔,129.1575377,35.16118558,펜션/민박/유스호스텔,8.51
넘버25호텔,129.1572047,35.1609972,호텔/리조트,28.03
굿데이메이트 게스트하우스,129.15996,35.16317783,펜션/민박/유스호스텔,8.51
그레이그라운드호텔,129.1587203,35.16126217,호텔/리조트,28.03
인디호텔게스트하우스,129.1585988,35.16121109,호텔/리조트,28.03
인더스트리호텔,129.1593238,35.16161012,호텔/리조트,28.03
포유호텔,129.1583311,35.16109412,호텔/리조트,28.03
팍스게스트하우스,129.1621238,35.16238323,펜션/민박/유스호스텔,8.51
로드비치호텔,129.1596491,35.16113224,호텔/리조트,28.03
투헤븐호텔,129.1603373,35.16086756,호텔/리조트,28.03
바다펜션,129.1599359,35.16149264,펜션/민박/유스호스텔,8.51
해운대 소라펜션,129.1599351,35.16120234,펜션/민박/유스호스텔,8.51
해변펜션,129.1599551,35.1613685,펜션/민박/유스호스텔,8.51
호텔여우비,129.1580153,35.16212552,호텔/리조트,28.03
발렌타인호텔,129.1571746,35.16174061,호텔/리조트,28.03
해운대블루호텔,129.158409,35.16246257,호텔/리조트,28.03
호텔브릭스,129.1576345,35.16201327,호텔/리조트,28.03
K게스트하우스,129.1584104,35.1624603,펜션/민박/유스호스텔,8.51
해운대비지니스호텔S,129.1569802,35.16165591,호텔/리조트,28.03
아이엠레지던스,129.1578372,35.16213456,호텔/리조트,28.03
쇼호텔,129.1574938,35.16230524,호텔/리조트,28.03
웨스틴 조선 부산,129.154091,35.15603204,호텔/리조트,28.03
하이코리아 호스텔,129.1536886,35.1596687,펜션/민박/유스호스텔,8.51
파크하얏트부산호텔,129.1417635,35.15653218,호텔/리조트,28.03
더스위트하우스,129.144242,35.15932559,펜션/민박/유스호스텔,8.51
한화리조트,129.1450164,35.15442132,호텔/리조트,28.03
센텀프리미어호텔,129.1314749,35.16686698,호텔/리조트,28.03
해운대센텀호텔,129.1328184,35.1678464,호텔/리조트,28.03
호텔메리케이센텀,129.1328178,35.1678107,호텔/리조트,28.03
제이썬 하우스,129.1569949,35.16385018,펜션/민박/유스호스텔,8.51
궁모텔,129.1616538,35.16408857,펜션/민박/유스호스텔,8.51
블루보트게스트하우스,129.1614352,35.16377141,펜션/민박/유스호스텔,8.51
Y 게스트하우스,129.1612696,35.1638239,펜션/민박/유스호스텔,8.51
에이치스테이호텔,129.1583257,35.16275601,호텔/리조트,28.03
신라스테이,129.1587613,35.15983862,호텔/리조트,28.03
ONDA모텔,129.1588132,35.16026932,펜션/민박/유스호스텔,8.51
잠자리모텔,129.1579573,35.16086708,펜션/민박/유스호스텔,8.51
피카소 모텔,129.1571747,35.16068899,펜션/민박/유스호스텔,8.51
GP Hotel,129.1577531,35.16060589,호텔/리조트,28.03
노엘비지니스호텔,129.1585259,35.16046232,호텔/리조트,28.03
호텔얌,129.1575789,35.16060575,호텔/리조트,28.03
엘리게스트하우스,129.1589131,35.16039526,펜션/민박/유스호스텔,8.51
위게스트하우스,129.1588443,35.16067579,펜션/민박/유스호스텔,8.51
클럽호텔,129.1568937,35.16074134,호텔/리조트,28.03
JJINN호텔,129.1582682,35.16049921,호텔/리조트,28.03
"더블유모텔, 부산 해운대구 해운대로59번가길 4",129.1566393,35.16079838,펜션/민박/유스호스텔,8.51
피카소모텔,129.1571753,35.1606916,펜션/민박/유스호스텔,8.51
MU모텔,129.1595499,35.16054278,펜션/민박/유스호스텔,8.51
HOTEL WOW,129.1591837,35.16057331,호텔/리조트,28.03
에이스모텔,129.1591914,35.16121992,펜션/민박/유스호스텔,8.51
플로스호텔,129.1591158,35.16077836,호텔/리조트,28.03
HOTEL WOW,129.1591745,35.1605894,호텔/리조트,28.03
호텔오,129.1591807,35.16121844,호텔/리조트,28.03
그린나래호텔,129.1568472,35.15902463,호텔/리조트,28.03
글로리콘도,129.15786,35.15944038,펜션/민박/유스호스텔,8.51
호텔야자,129.1536747,35.15911658,호텔/리조트,28.03
더반호텔,129.1538904,35.15923553,호텔/리조트,28.03
호텔인트로,129.1534684,35.15903501,호텔/리조트,28.03
해운대캔버스게스트하우스,129.1526569,35.15925786,펜션/민박/유스호스텔,8.51
캔버스호스텔블랙,129.1529875,35.15936786,펜션/민박/유스호스텔,8.51
호텔109,129.1533196,35.15930346,호텔/리조트,28.03
아크블루호텔,129.1565465,35.15957826,호텔/리조트,28.03
라빈모텔,129.1549747,35.1598604,펜션/민박/유스호스텔,8.51
오뜨호텔,129.1563662,35.15957568,호텔/리조트,28.03
베이몬드호텔,129.1567516,35.15956148,호텔/리조트,28.03
아크블루호텔,129.1565776,35.15951013,호텔/리조트,28.03
오뜨바다전망호텔,129.1563668,35.15958261,호텔/리조트,28.03
베스트루이스해밀턴호텔,129.1545889,35.15963531,호텔/리조트,28.03
나인모텔,129.1546766,35.15991541,펜션/민박/유스호스텔,8.51
오렌지호텔,129.1543961,35.15965598,호텔/리조트,28.03
파스텔여관,129.1542433,35.15993783,펜션/민박/유스호스텔,8.51
바게트호텔,129.1538289,35.15961576,호텔/리조트,28.03
해운대호텔 모모쥬스,129.1542391,35.15948763,호텔/리조트,28.03
동백섬게스트하우스,129.1543433,35.15926351,펜션/민박/유스호스텔,8.51
아이리스모텔,129.1539638,35.15945794,펜션/민박/유스호스텔,8.51
호텔아라,129.1552197,35.16001194,호텔/리조트,28.03
이스턴베이호텔,129.1560435,35.1601764,호텔/리조트,28.03
씨모텔,129.1563971,35.15967921,펜션/민박/유스호스텔,8.51
김치게스트하우스해운대,129.15644,35.15988256,펜션/민박/유스호스텔,8.51
호텔블루스토리해운대,129.1574821,35.15990716,호텔/리조트,28.03
토요코인호텔,129.1573509,35.1594871,호텔/리조트,28.03
호텔포레프리미어,129.1602251,35.16069726,호텔/리조트,28.03
클라우드나인호텔,129.1597387,35.16074774,호텔/리조트,28.03
2NE1호텔,129.1599176,35.16045191,호텔/리조트,28.03
호텔포레 프리미어 해운대점,129.1602565,35.16069322,호텔/리조트,28.03
호텔투애니원,129.1598817,35.16037928,호텔/리조트,28.03
해운대청소년수련관,129.127072,35.19216733,캠핑/카라반/글램핑,7.98
뉴프린스모텔,129.1214604,35.18636702,펜션/민박/유스호스텔,8.51
일월모텔,129.1216827,35.18649829,펜션/민박/유스호스텔,8.51
그랜드모텔,129.1214528,35.18648153,펜션/민박/유스호스텔,8.51
제우스모텔,129.1221566,35.18570332,펜션/민박/유스호스텔,8.51
센텀J모텔,129.1220328,35.18652236,펜션/민박/유스호스텔,8.51
세븐모텔,129.1217884,35.18410206,펜션/민박/유스호스텔,8.51
넘버25 호텔 센텀점 시그니처,129.1219274,35.18378284,호텔/리조트,28.03
라찌모텔,129.122125,35.18353883,펜션/민박/유스호스텔,8.51
스테이안 게스트하우스,129.1212318,35.18765593,펜션/민박/유스호스텔,8.51
와우모텔,129.1212441,35.18750719,펜션/민박/유스호스텔,8.51
이데아호텔,129.1216265,35.18428761,호텔/리조트,28.03
발렌타인모텔,129.1221877,35.18419922,펜션/민박/유스호스텔,8.51
재송동 더히트호텔,129.1226994,35.1845567,호텔/리조트,28.03
베이직하우스,129.1219123,35.18403756,펜션/민박/유스호스텔,8.51
호텔야자,129.1223064,35.18438056,호텔/리조트,28.03
로망스모텔,129.1218151,35.1844444,펜션/민박/유스호스텔,8.51
프린스모텔,129.1219124,35.18404964,펜션/민박/유스호스텔,8.51
몽블랑 여관,129.1216301,35.1844063,펜션/민박/유스호스텔,8.51
로즈모텔,129.1228051,35.18443464,펜션/민박/유스호스텔,8.51
엘루이모텔,129.1230282,35.18416803,펜션/민박/유스호스텔,8.51
호텔S,129.1220128,35.183898,호텔/리조트,28.03
센텀모텔,129.1223359,35.18400592,펜션/민박/유스호스텔,8.51
에스모텔,129.1220453,35.18396527,펜션/민박/유스호스텔,8.51
M6모텔,129.1228827,35.18393187,펜션/민박/유스호스텔,8.51
No1모텔,129.1224776,35.18418326,펜션/민박/유스호스텔,8.51
유모텔,129.1225537,35.18375127,펜션/민박/유스호스텔,8.51
맥스모텔,129.1221734,35.18370976,펜션/민박/유스호스텔,8.51
자라모텔,129.1224579,35.18385498,펜션/민박/유스호스텔,8.51
마리포사모텔,129.122849,35.1837539,펜션/민박/유스호스텔,8.51
M6모텔,129.1228574,35.18391088,펜션/민박/유스호스텔,8.51
더제니스모텔,129.1232516,35.18390448,펜션/민박/유스호스텔,8.51
W모텔,129.1227096,35.18355174,펜션/민박/유스호스텔,8.51
해운대 sunny's house,129.1660907,35.16855612,펜션/민박/유스호스텔,8.51
호텔안,129.1766659,35.16917634,호텔/리조트,28.03
바다풍경펜션,129.1616996,35.16149081,펜션/민박/유스호스텔,8.51
바다풍경펜션,129.1617044,35.16147226,펜션/민박/유스호스텔,8.51
라비드아틀란호텔,129.161492,35.16112987,호텔/리조트,28.03
엘리시아부티크호텔,129.1621924,35.16017701,호텔/리조트,28.03
베스트웨스턴 해운대호텔,129.1611559,35.16043412,호텔/리조트,28.03
선셋비즈니스호텔,129.1614115,35.16012894,호텔/리조트,28.03
라메르펜션,129.1621363,35.16014497,펜션/민박/유스호스텔,8.51
리베로호텔,129.1612075,35.16224606,호텔/리조트,28.03
파라디아모텔,129.1620353,35.1620744,펜션/민박/유스호스텔,8.51
팍스게스트하우스,129.1621247,35.16238432,펜션/민박/유스호스텔,8.51
예그린민박,129.1621549,35.16066033,펜션/민박/유스호스텔,8.51
Uncle's guesthouse,129.1621513,35.16149453,펜션/민박/유스호스텔,8.51
해운대바다민박,129.1620549,35.16064358,펜션/민박/유스호스텔,8.51
도담게스트하우스,129.1622674,35.16185177,펜션/민박/유스호스텔,8.51
킹콩게스트하우스,129.1630456,35.16212807,펜션/민박/유스호스텔,8.51
엘시티레지던스,129.1687969,35.16039418,호텔/리조트,28.03
그랜드엘시티레지던스,129.1697009,35.16003236,호텔/리조트,28.03
시그니엘 부산,129.1697189,35.15987649,호텔/리조트,28.03
송도각모텔,129.1662073,35.16165104,펜션/민박/유스호스텔,8.51
폴에이리조트해운대,129.166662,35.16229564,호텔/리조트,28.03
Y게스트하우스,129.1652687,35.16190034,펜션/민박/유스호스텔,8.51
해운온천대중탕모텔,129.1659015,35.1618893,펜션/민박/유스호스텔,8.51
선트리호텔,129.1832134,35.15950146,호텔/리조트,28.03
일루아호텔,129.1745088,35.1588957,호텔/리조트,28.03
마리나빌라,129.1768153,35.15939059,펜션/민박/유스호스텔,8.51
해운대오피스텔민박,129.1747164,35.15931901,펜션/민박/유스호스텔,8.51
화미주연수원,129.1829531,35.16080228,캠핑/카라반/글램핑,7.98
삼삼오오펜션,129.1715971,35.15862487,펜션/민박/유스호스텔,8.51
삼삼오오펜션,129.1716304,35.15867596,펜션/민박/유스호스텔,8.51
휘겔리 호텔,129.1719166,35.15843573,호텔/리조트,28.03
삼삼오오펜션,129.1716303,35.1586759,펜션/민박/유스호스텔,8.51
대구장여관,129.1722473,35.15830029,펜션/민박/유스호스텔,8.51
전망좋은모텔,129.1704371,35.15928002,펜션/민박/유스호스텔,8.51
미포오션사이드호텔,129.1705914,35.15886649,호텔/리조트,28.03
해운대썬블루비치펜션,129.1714385,35.16075436,펜션/민박/유스호스텔,8.51
포도펜션,129.1738169,35.15688616,펜션/민박/유스호스텔,8.51
해운대비치모텔,129.1728957,35.15759013,펜션/민박/유스호스텔,8.51
시원게스트하우스,129.1754087,35.1617614,펜션/민박/유스호스텔,8.51
챔프호스텔,129.1697828,35.16353237,펜션/민박/유스호스텔,8.51
마마게스트하우스,129.1632441,35.162024,펜션/민박/유스호스텔,8.51
골든베이풀빌라펜션,129.1630923,35.16121862,펜션/민박/유스호스텔,8.51
해운대펜트하우스,129.1618488,35.16354881,펜션/민박/유스호스텔,8.51
문탠모텔,129.163359,35.16165485,펜션/민박/유스호스텔,8.51
24게스트하우스,129.1618777,35.16314901,펜션/민박/유스호스텔,8.51
해운대소라텔하우스,129.1629385,35.16173536,펜션/민박/유스호스텔,8.51
가든모텔,129.1628325,35.16162998,펜션/민박/유스호스텔,8.51
해운대민박,129.163071,35.16186653,펜션/민박/유스호스텔,8.51
백팩커스하우스,129.1630922,35.16187976,펜션/민박/유스호스텔,8.51
오륙도여관,129.1640342,35.16235088,펜션/민박/유스호스텔,8.51
파도소리모텔,129.1639483,35.16220979,펜션/민박/유스호스텔,8.51
매직모텔,129.164111,35.16224272,펜션/민박/유스호스텔,8.51
맘게스트하우스,129.1648632,35.16279849,펜션/민박/유스호스텔,8.51
할매탕,129.1647693,35.16306792,펜션/민박/유스호스텔,8.51
청사포펜션,129.1938501,35.1621755,펜션/민박/유스호스텔,8.51
호텔카멜리아,129.1610982,35.15982977,호텔/리조트,28.03
그랜드조선,129.1631696,35.16000771,호텔/리조트,28.03
피앤에스호텔,129.1645234,35.16206728,호텔/리조트,28.03
썬클라우드호텔,129.162247,35.16044386,호텔/리조트,28.03
페어필드바이메리어트부산호텔,129.1648446,35.16164084,호텔/리조트,28.03
MS호텔,129.1611269,35.15982522,호텔/리조트,28.03
위드게스트하우스,129.1653064,35.16252643,펜션/민박/유스호스텔,8.51
팝콘호스텔 해운대점,129.1652704,35.16249266,펜션/민박/유스호스텔,8.51
베니키아호텔해운대,129.1648421,35.16227613,호텔/리조트,28.03
마리안느호텔,129.1646175,35.16149357,호텔/리조트,28.03
레지던스 더 문,129.1652587,35.16249589,호텔/리조트,28.03
석원장,129.1668169,35.16323594,펜션/민박/유스호스텔,8.51
금호장,129.1660484,35.16307954,펜션/민박/유스호스텔,8.51
파라다이스호텔,129.1652644,35.1602357,호텔/리조트,28.03
코오롱 씨클라우드 호텔,129.162123,35.16042446,호텔/리조트,28.03
청풍장온천여관,129.1664355,35.16264271,펜션/민박/유스호스텔,8.51
골든튤립해운대호텔&스위트,129.1658725,35.16226142,호텔/리조트,28.03
토요코인호텔 해운대2,129.1573545,35.15950695,호텔/리조트,28.03
팔레드시즈,129.1665767,35.16021279,호텔/리조트,28.03
칠공하우스,129.1665793,35.16020157,펜션/민박/유스호스텔,8.51
호텔 더 마크 해운대,129.1668835,35.16097077,호텔/리조트,28.03
해운대센트럴호텔,129.1672641,35.16095778,호텔/리조트,28.03
해운대 영무파라드호텔,129.1664824,35.16089956,호텔/리조트,28.03
해운대네이티브게스트하우스,129.1679985,35.1644544,펜션/민박/유스호스텔,8.51
